long_east_deg,lat_north_deg,altitude_m,radius_m,slope_deg,roughness_rms_m
326.36978,-4.9998,-656.53,3394500.25,0.3632017810673811,0.8632780789018926
326.36912,-4.9947,-652.21,3394504.91,0.2976548945934751,1.2196006748340489
326.36845,-4.9896,-652.15,3394505.31,0.2287566957366518,1.6318476606159211
326.36779,-4.9845,-651.54,3394506.26,0.2001482633412146,1.983933789695829
326.36713,-4.9794,-652.54,3394505.6,0.1757751775018509,2.3096946458917547
326.36646,-4.9744,-653.96,3394504.52,0.3771707932915046,2.668154580057385
326.3658,-4.9693,-655.49,3394503.34,0.6590056730035514,2.35559369721644
326.36513,-4.9642,-660.66,3394498.51,0.8439008660889231,1.6459593266521753
326.36447,-4.9591,-667.62,3394491.89,0.9207829682882462,1.3231451357609414
326.3638,-4.954,-673.23,3394486.62,0.8942701727969482,1.6533822231187727
326.36314,-4.9489,-676.18,3394484.01,0.7516394530739463,2.0469470086743504
326.36248,-4.9439,-678.77,3394481.76,0.5490923113805369,1.6388248449881324
326.36181,-4.9388,-680.91,3394479.97,0.3993906866420426,1.167379740361621
326.36115,-4.9337,-682.08,3394479.14,0.3153496088374915,0.9783259232530592
326.36048,-4.9286,-682.66,3394478.9,0.3621434967704001,1.4871437839928918
326.35982,-4.9235,-683.41,3394478.49,0.3690213184385658,1.742509261360646
326.35916,-4.9184,-682.19,3394480.05,0.3236526563568386,2.257632390241246
326.35849,-4.9133,-680.97,3394481.61,0.2946523481482356,2.955694456442948
326.35783,-4.9083,-681.41,3394481.51,0.2316351737255035,3.5429922662749997
326.35716,-4.9032,-681.36,3394481.9,0.1332273439173437,3.955018529279835
326.3565,-4.8981,-680.12,3394483.47,0.2651836087964102,4.46921346127658
326.35583,-4.893,-679.0,3394484.93,0.3678874884659704,4.989654124680016
326.35517,-4.8879,-677.84,3394486.42,0.5546447214397472,5.893176525691432
326.3545,-4.8828,-674.78,3394489.81,0.8647878354294514,6.200541657081182
326.35384,-4.8777,-680.32,3394484.61,1.0971051323686385,6.433722886696869
326.35318,-4.8726,-690.67,3394474.59,1.0433136134456746,6.846295340878157
326.35251,-4.8675,-688.88,3394476.72,0.7338509430616879,9.914152363277635
326.35185,-4.8625,-681.22,3394484.71,0.4482295475916019,9.742728071480702
326.35118,-4.8574,-684.22,3394482.04,0.5319898883609007,6.121676971837235
326.35052,-4.8523,-689.3,3394477.3,0.4554704293898731,5.601766263537936
326.34985,-4.8472,-690.72,3394476.21,0.4288132530723346,4.785011813203128
326.34919,-4.8421,-688.83,3394478.43,0.3400971745501435,3.340472514933685
326.34852,-4.837,-689.08,3394478.52,0.3390700267322345,1.81767010247879
326.34786,-4.8319,-690.19,3394477.74,0.3940748299792414,1.580209216085801
326.3472,-4.8268,-694.04,3394474.23,0.4401780583025281,1.462948142094822
326.34653,-4.8217,-692.39,3394476.21,0.4135555095042945,1.7098818981038753
326.34587,-4.8166,-696.79,3394472.14,0.3571465247200388,2.083274512419587
326.3452,-4.8115,-699.01,3394470.26,0.3629087365440845,2.320882007518046
326.34454,-4.8064,-696.7,3394472.9,0.4226782542127928,2.4515194377483964
326.34387,-4.8013,-695.57,3394474.36,0.4772146427696294,2.8709581779385465
326.34321,-4.7962,-698.75,3394471.51,0.5583842569223267,2.8840631952555293
326.34255,-4.7911,-703.25,3394467.33,0.6134062852751463,2.4648379747893525
326.34188,-4.786,-705.52,3394465.39,0.6056086633423171,2.7996710869130426
326.34122,-4.7809,-705.02,3394466.21,0.7571406498310402,11.121618526700258
326.34055,-4.7758,-703.86,3394467.7,2.722681892361522,33.38312153540438
326.33989,-4.7707,-704.73,3394467.15,7.904731092248558,53.59210536431656
326.33922,-4.7656,-701.07,3394471.14,11.981251604277878,58.05352483110225
326.33856,-4.7605,-705.72,3394466.81,15.05358471732468,54.91258802213216
326.3379,-4.7554,-787.06,3394385.8,15.419149422916169,59.19029778993939
326.33723,-4.7503,-792.58,3394380.6,15.60053661368337,61.02578556408206
326.33657,-4.7452,-783.96,3394389.55,15.900847820794429,47.5101283659824
326.3359,-4.7401,-786.51,3394387.32,14.433650310971313,35.3333763492809
326.33524,-4.735,-811.93,3394362.23,13.912596836133895,37.22014151212961
326.33457,-4.7299,-855.36,3394319.12,13.57042752702745,33.93168910410211
326.33391,-4.7248,-853.08,3394321.73,14.441066010930662,26.96672179018736
326.33325,-4.7197,-845.82,3394329.31,14.007730395323412,32.475699057815106
326.33258,-4.7146,-852.01,3394323.45,16.411081062180198,17.819875115125505
326.33192,-4.7095,-831.79,3394343.99,15.673753158503237,17.874624476429094
326.33125,-4.7044,-820.98,3394355.13,10.44991927149699,41.02239871570786
326.33059,-4.6993,-820.78,3394355.64,10.647158891710564,48.071837194462425
326.32993,-4.6942,-825.99,3394350.75,11.143531207687268,44.98184301637639
326.32926,-4.6891,-889.61,3394287.44,11.565722035504534,42.19430505576677
326.3286,-4.684,-940.85,3394236.52,11.03535685852228,48.91593165705331
326.32794,-4.6789,-1013.84,3394163.84,9.083533865428072,60.62341216475693
326.32727,-4.6739,-1051.33,3394126.67,6.144003011719925,51.24693458763049
326.32661,-4.6688,-957.47,3394220.85,4.356454336853938,37.96231290915199
326.32594,-4.6637,-956.22,3394222.41,3.4368551839722934,29.39654042937869
326.32528,-4.6586,-1036.03,3394142.92,3.0957003258769245,28.6841033761521
326.32461,-4.6535,-1014.96,3394164.3,3.8952271840937898,26.797414123529613
326.32395,-4.6484,-989.86,3394189.72,5.250491029755113,21.131408533792712
326.32328,-4.6433,-966.86,3394213.03,6.487834634389706,10.478531235114025
326.32262,-4.6382,-958.21,3394222.0,6.8096269649488645,10.726250967057585
326.32195,-4.6331,-937.48,3394243.04,6.392571352020855,15.385683816464702
326.32129,-4.628,-891.35,3394289.49,5.993019677129931,16.37851991137769
326.32062,-4.6229,-875.12,3394306.04,4.914891945512441,18.019748375419027
326.31996,-4.6179,-895.66,3394285.81,3.4414991573631126,16.923929345456678
326.31929,-4.6128,-872.72,3394309.07,3.4634999472301216,16.40586323498204
326.31863,-4.6077,-872.68,3394309.42,2.1122031870527027,17.059193554383288
326.31796,-4.6026,-868.91,3394313.51,3.1641574182429064,18.697516587720905
326.31729,-4.5975,-800.11,3394382.62,2.672561028265876,23.83455965963452
326.31663,-4.5924,-828.97,3394354.07,2.114137276629501,24.828689590575934
326.31596,-4.5873,-794.79,3394388.56,1.4896029326112303,26.20465063058264
326.31463,-4.5771,-839.96,3394344.0,0.3151443522470516,31.26683517528448
326.31331,-4.567,-887.72,3394296.85,2.158158017982703,45.314897118440456
326.31264,-4.5619,-857.65,3394327.22,4.253015129959468,52.06830116214479
326.31197,-4.5568,-783.31,3394401.87,5.986896324953951,50.84053735411329
326.31131,-4.5517,-671.16,3394514.33,5.053241133699661,52.656481706528815
326.31064,-4.5466,-662.6,3394523.19,4.9250206967481045,50.626161865239325
326.30998,-4.5415,-671.52,3394514.58,2.387183804560264,48.43827611216795
326.30931,-4.5364,-685.83,3394500.58,0.7004864560918834,33.979194526717066
326.30865,-4.5313,-698.58,3394488.13,1.927048564681344,29.83928572669462
326.30798,-4.5262,-730.42,3394456.6,1.943553075861596,25.45946556168917
326.30665,-4.5161,-770.68,3394416.95,3.9180006564426497,15.60489300330838
326.30599,-4.511,-758.64,3394429.29,4.1133326538749575,20.565917024648385
326.30532,-4.5059,-778.75,3394409.49,4.917271840827479,22.716884478884182
326.30466,-4.5008,-835.94,3394352.61,4.360859292150917,23.35867951230199
326.30335,-4.4906,-862.78,3394326.37,2.177034002981365,29.001977631686444
326.30268,-4.4855,-819.99,3394369.45,0.7450773716908887,24.90116998395196
326.30201,-4.4804,-847.62,3394342.12,2.348898494853686,19.05151786071087
326.30134,-4.4753,-799.9,3394390.13,2.353859320331133,19.539673587831107
326.30067,-4.4703,-775.1,3394415.23,2.566657078632542,21.962136042900266
326.29999,-4.4652,-758.4,3394432.23,3.133817748497137,23.34686874597861
326.29933,-4.4601,-808.7,3394382.22,2.259834019102439,26.419113411424405
326.29866,-4.455,-813.82,3394377.4,0.8017726561996078,31.83320418854498
326.29798,-4.4499,-780.0,3394411.51,1.4392441111062446,27.189427653336192
326.29732,-4.4448,-840.93,3394350.88,1.640358293139944,18.7027576132312
326.29664,-4.4398,-803.48,3394388.62,1.2152386588123745,19.074092821340404
326.29597,-4.4347,-802.15,3394390.25,1.310115514896526,16.67729365758115
326.2953,-4.4296,-802.1,3394390.59,2.341989438224277,9.330508114725042
326.29463,-4.4245,-802.36,3394390.63,1.8282496952604703,2.040956760568943
326.29396,-4.4194,-801.18,3394392.11,1.6102732928312913,1.8999876905040036
326.29329,-4.4143,-801.85,3394391.73,1.3687678754577213,2.197124052960899
326.29262,-4.4093,-800.24,3394393.64,1.101872501681372,2.4230991330059206
326.29195,-4.4042,-800.48,3394393.69,0.9585206651977264,2.1542099430163963
326.29128,-4.3991,-797.68,3394396.79,0.7767867490294876,1.8375332318838455
326.29061,-4.394,-798.03,3394396.72,0.6345801640372376,1.6209425204154937
326.28927,-4.3838,-798.25,3394397.08,0.6499392103673644,1.6592911579019467
326.2886,-4.3788,-795.16,3394400.45,1.1234238158765724,4.548433946168947
326.28792,-4.3737,-793.47,3394402.43,1.2914033400494498,5.237961989458046
326.28725,-4.3686,-796.43,3394399.75,1.3817945860539411,4.928406934078182
326.28658,-4.3635,-803.76,3394392.71,0.6637278896833253,11.493486922277226
326.28591,-4.3584,-805.86,3394390.9,0.8355602279363822,20.138349648160787
326.28524,-4.3533,-806.55,3394390.49,2.40595758874954,24.125077224258728
326.28457,-4.3483,-764.19,3394433.14,3.4400195328586065,21.170649678179554
326.2839,-4.3432,-738.52,3394459.09,3.830104751775668,18.93436758901933
326.28323,-4.3381,-727.16,3394470.74,3.798841586479556,20.00637081606992
326.28255,-4.333,-733.5,3394464.68,3.944043634503557,20.211838008807884
326.28188,-4.3279,-747.29,3394451.18,3.8063883315106906,18.186499443715988
326.28121,-4.3228,-759.19,3394439.57,3.799743512678023,7.170556828237265
326.28054,-4.3178,-764.22,3394434.82,3.940643667336271,5.82524535686624
326.27987,-4.3127,-783.69,3394415.64,3.826430893117165,6.412653482041515
326.2792,-4.3076,-806.04,3394393.58,3.521143035000001,7.683237980144829
326.27853,-4.3025,-826.6,3394373.3,3.0243397120979614,9.11935011275285
326.27786,-4.2974,-834.72,3394365.47,2.231155851825429,7.410430877952463
326.27717,-4.2924,-836.46,3394364.01,1.535292222103336,4.544913541418598
326.27651,-4.2873,-837.36,3394363.39,1.0832226170154071,1.7530264429298863
326.27584,-4.2822,-843.01,3394358.02,0.9528496276917088,1.4543842821166426
326.27517,-4.2771,-847.66,3394353.64,0.9367807229729044,1.444919791800347
326.27451,-4.272,-850.66,3394350.92,0.9761510360829432,1.4624477523796462
326.27384,-4.2669,-852.77,3394349.09,0.9503704387583036,1.1943438279524763
326.27318,-4.2618,-856.39,3394345.74,0.9802839824471932,1.518674238805708
326.27251,-4.2568,-858.93,3394343.48,1.0142383865710063,3.080329832156601
326.27185,-4.2517,-862.08,3394340.61,2.484634072538205,8.802018042817098
326.27118,-4.2466,-862.8,3394340.16,2.741370384905923,8.438094119269438
326.27051,-4.2415,-856.32,3394346.92,2.869228522465709,8.15666509727379
326.26985,-4.2364,-856.64,3394346.87,2.881846921554634,9.281322972176724
326.26918,-4.2313,-857.51,3394346.28,2.918714632210305,14.18199898855
326.26852,-4.2262,-863.85,3394340.22,3.0682943944908763,16.13891732529801
326.26785,-4.2211,-871.2,3394333.14,3.2015687776848,16.41657341613036
326.26719,-4.216,-894.35,3394310.27,3.35687979655636,15.664730694239983
326.26652,-4.211,-908.93,3394295.97,3.429134058718782,14.491364698002014
326.26585,-4.2059,-920.01,3394285.16,3.300583820102872,10.285040605248703
326.26519,-4.2008,-938.91,3394266.54,3.0432812277791896,6.651543547792403
326.26452,-4.1957,-966.24,3394239.49,2.815412908216178,7.489286021162348
326.26387,-4.1906,-977.68,3394228.31,2.401824032588389,9.211216648388683
326.2632,-4.1855,-979.39,3394226.87,1.822644578125348,8.720778365879534
326.26254,-4.1804,-981.21,3394225.32,1.259460900682865,6.660916990045298
326.26187,-4.1753,-981.08,3394225.71,0.691972184012925,4.33664289052758
326.26121,-4.1702,-979.93,3394227.13,0.4410554924880794,2.930097565771536
326.26054,-4.1651,-977.4,3394229.92,0.3666146852560123,1.980772940965822
326.25988,-4.1601,-975.47,3394232.12,0.3470774807332605,1.83806358329393
326.25921,-4.155,-979.46,3394228.39,0.2334163293510612,2.194917445837949
326.25855,-4.1499,-981.87,3394226.25,0.1377779232110733,2.51974509801153
326.25789,-4.1448,-975.8,3394232.59,0.3151494159672452,4.0975134105352495
326.25722,-4.1397,-970.84,3394237.81,0.6262777958232775,5.561628309725959
326.25656,-4.1346,-968.49,3394240.43,1.098729176693416,8.07339475844459
326.25589,-4.1295,-955.9,3394253.28,2.061641669694397,15.261256399562631
326.25523,-4.1244,-948.44,3394261.01,1.6896402030889188,7.585749209066118
326.25456,-4.1193,-946.71,3394263.01,1.8147940663105624,7.10658031347218
326.2539,-4.1143,-943.66,3394266.32,1.8208012634498596,8.387886411292431
326.25323,-4.1092,-933.74,3394276.51,1.7990867436648967,6.605205098127424
326.25257,-4.1041,-929.6,3394280.92,1.7457965861751763,5.599985004011835
326.2519,-4.099,-927.89,3394282.89,1.466786755173396,5.454405436236951
326.25124,-4.0939,-929.24,3394281.81,1.101161107599566,5.416784310219602
326.25055,-4.0888,-925.77,3394285.54,1.07845821397468,6.450473980495781
326.2499,-4.0837,-922.18,3394289.39,1.1723230812669931,7.154753403243688
326.24924,-4.0786,-912.48,3394299.34,1.5380718677747445,5.619783446104943
326.24858,-4.0735,-907.41,3394304.67,1.5876281211282417,4.550336896219195
326.24792,-4.0684,-893.76,3394318.57,1.6350160095699922,6.8668429235162725
326.24726,-4.0634,-889.91,3394322.68,1.427965675006641,6.847329242986688
326.24661,-4.0583,-887.87,3394324.98,1.302748174594485,18.66032295712614
326.24595,-4.0532,-899.39,3394313.71,2.0657819557408685,22.304119583060185
326.24529,-4.0481,-881.33,3394332.03,2.820302655499918,23.45837518499333
326.24463,-4.043,-806.25,3394407.36,3.598575134880418,22.66980345245535
326.24397,-4.0379,-796.26,3394417.61,4.051032450091216,22.297939820820847
326.24331,-4.0328,-793.13,3394420.99,4.497224330746128,18.81708393941141
326.24266,-4.0277,-796.77,3394417.61,5.331725835720373,12.595288840792003
326.242,-4.0226,-806.32,3394408.31,4.093231754667058,12.01065039316736
326.24134,-4.0175,-817.52,3394397.37,3.269868050300648,12.648050776870909
326.24002,-4.0074,-822.21,3394393.19,1.1734326863827875,9.337280120472748
326.23937,-4.0023,-816.67,3394398.99,1.3069500929308235,9.05050906626329
326.23871,-3.9972,-812.83,3394403.08,1.889642397718934,12.663898081691288
326.23805,-3.9921,-801.08,3394415.09,1.2936906649884066,16.20561562438244
326.2374,-3.987,-798.32,3394418.11,0.8344631906476278,19.278735310981745
326.23674,-3.9819,-801.22,3394415.45,0.94007276829665,21.13952596142832
326.23609,-3.9768,-804.33,3394412.59,3.21951105449483,39.81970361989768
326.23543,-3.9717,-805.03,3394412.13,7.4130904919304115,63.53961773410478
326.23477,-3.9666,-807.07,3394410.34,12.460303487385891,80.43131623067573
326.23412,-3.9616,-906.74,3394310.92,17.513507886679974,82.13735058059133
326.23347,-3.9565,-1058.64,3394159.26,22.327640772081786,65.34430231379427
326.23281,-3.9514,-1227.62,3393990.53,26.362396726136577,22.850566961153252
326.23216,-3.9463,-1354.82,3393863.57,25.62532819533874,23.07696962441045
326.23151,-3.9412,-1479.15,3393739.49,24.151943427921054,34.283860161585054
326.23085,-3.9361,-1587.65,3393631.23,21.327857391929896,49.49838660617793
326.2302,-3.931,-1659.47,3393559.66,17.564673713194345,59.185790674094086
326.22954,-3.9259,-1680.76,3393538.61,13.15915136660234,56.67727844720309
326.22888,-3.9208,-1686.2,3393533.42,8.619620190038605,43.23812936504744
326.22823,-3.9157,-1690.51,3393529.35,4.884173699606924,26.9857438506775
326.22757,-3.9106,-1697.49,3393522.62,2.4844193110989874,12.16966282549004
326.22691,-3.9055,-1701.81,3393518.55,1.2309610029570162,2.5120231561617468
326.22626,-3.9005,-1704.66,3393515.94,1.1493613239335871,2.1062055372791613
326.2256,-3.8954,-1709.88,3393510.97,1.0966046994588865,1.9508284117615315
326.22494,-3.8903,-1712.23,3393508.86,1.0714869420200883,2.011899555967592
326.22431,-3.8852,-1715.96,3393505.37,1.0335401161910822,2.317955736582653
326.22364,-3.8801,-1715.81,3393505.76,0.9707437547061962,2.462377837792835
326.22298,-3.875,-1718.9,3393502.9,0.9121557082880416,2.4859714229174505
326.22232,-3.8699,-1722.12,3393499.92,0.8549329230095019,2.776687534076155
326.22166,-3.8648,-1724.97,3393497.3,0.7573448775749695,3.540248191508534
326.22099,-3.8597,-1728.7,3393493.81,0.5174589473954662,4.006898251459134
326.22033,-3.8546,-1730.69,3393492.06,0.3431775877979144,3.24944419807959
326.21967,-3.8495,-1732.01,3393490.97,0.3957331537196315,3.311184455832448
326.219,-3.8444,-1724.45,3393498.77,0.3969480978942616,3.333352789857769
326.21834,-3.8393,-1735.18,3393488.27,0.4100832014370809,3.435100423060251
326.21768,-3.8343,-1740.59,3393483.1,0.4636830474406536,3.545744803638032
326.21702,-3.8292,-1741.54,3393482.38,0.4174666807605424,3.4927016257316588
326.21635,-3.8241,-1741.76,3393482.4,0.3854144317012951,2.452279956307221
326.21569,-3.819,-1740.46,3393483.93,0.4649536251222469,3.213713615834666
326.21503,-3.8139,-1740.32,3393484.31,0.5761765753564526,3.231210847050699
326.21436,-3.8088,-1743.26,3393481.61,0.6412833182453391,3.4536314235636354
326.2137,-3.8037,-1751.28,3393473.82,0.65625890545276,3.545292072577673
326.21304,-3.7986,-1744.36,3393480.98,0.6981047851143248,3.456264587656156
326.21237,-3.7935,-1733.38,3393492.19,0.7458632540267923,3.377309012569274
326.21171,-3.7884,-1732.59,3393493.22,0.847896515744924,3.5151868145699208
326.21038,-3.7782,-1733.25,3393493.01,0.873252413552933,2.919426670242229
326.20971,-3.7731,-1733.55,3393492.93,0.7831278676267737,2.0636076750430843
326.20905,-3.768,-1732.57,3393494.14,0.8522679300935219,1.974296901901434
326.20838,-3.7629,-1735.06,3393491.87,0.860491950588678,1.586439315584887
326.20772,-3.7578,-1732.27,3393494.89,0.9117988848847766,1.6451977369959505
326.20706,-3.7527,-1731.74,3393495.64,0.9247643118622566,1.3445423620608412
326.20639,-3.7476,-1731.65,3393495.96,0.9208774199662908,1.222842009427216
326.20573,-3.7425,-1729.93,3393497.9,0.9451345048888876,1.5671138047263065
326.20506,-3.7374,-1728.36,3393499.7,1.0164063791724405,1.7776265621860303
326.2044,-3.7323,-1723.64,3393504.64,1.2389649212285496,2.878730345670804
326.20373,-3.7272,-1719.76,3393508.75,2.1729379365250514,12.39443747025968
326.20307,-3.7221,-1716.13,3393512.6,4.038709624073182,27.0729368627107
326.20241,-3.717,-1713.79,3393515.17,2.531819046525313,13.063957750841023
326.20174,-3.7119,-1712.49,3393516.69,2.7768365270642543,16.38338413374427
326.20108,-3.7068,-1711.28,3393518.13,4.783390352109983,26.523653355646367
326.20041,-3.7017,-1699.81,3393529.82,7.337366440228351,28.29214672777301
326.19975,-3.6967,-1638.07,3393591.79,10.19763576113283,26.827460656215347
326.19908,-3.6916,-1577.33,3393652.75,13.204439838023106,25.35001972162821
326.19842,-3.6865,-1553.24,3393677.07,16.042006984050776,26.93665433430921
326.19777,-3.6813,-1470.53,3393760.0,18.301217794827227,28.459433028546005
326.1971,-3.6763,-1363.56,3393867.18,20.184427673686937,22.473637365546505
326.19643,-3.6712,-1250.19,3393980.76,21.9613662174627,11.991595092902086
326.19576,-3.6661,-1157.97,3394073.2,22.217736580681542,13.36762210234434
326.19508,-3.661,-1074.88,3394156.5,21.0460371333791,23.168074981153648
326.19441,-3.6559,-968.29,3394263.31,19.007231819824845,32.03194135812269
326.19374,-3.6508,-888.7,3394343.11,16.434207350331032,36.37552699304744
326.19307,-3.6457,-842.41,3394389.61,13.16756107539442,39.50661592401603
326.1924,-3.6406,-808.88,3394423.36,9.690637283256574,36.10628759474002
326.19173,-3.6356,-747.97,3394484.48,7.318386112288381,36.076901508614256
326.19106,-3.6305,-742.5,3394490.17,5.618973387985529,36.12614795246683
326.19039,-3.6254,-790.4,3394442.48,5.394427029852652,28.767615082568025
326.18972,-3.6203,-845.96,3394387.14,5.93805711181571,16.583762913957838
326.18905,-3.6152,-862.7,3394370.61,5.703933467806994,18.67680735858584
326.18838,-3.6101,-877.06,3394356.46,4.608581976519015,21.4738218148325
326.18771,-3.605,-893.54,3394340.2,3.162516909134308,19.001250120060984
326.18704,-3.5999,-895.92,3394338.03,1.942647613225172,9.347958993043411
326.18637,-3.5948,-904.09,3394330.07,1.392103049370162,5.226131865265881
326.1857,-3.5897,-912.03,3394322.35,1.186238095122887,3.4870084935337458
326.18503,-3.5847,-918.77,3394315.82,1.07048101016962,7.384382379435015
326.18435,-3.5796,-924.94,3394309.87,1.243290849542478,8.51322546900629
326.18368,-3.5745,-933.99,3394301.02,1.6451298524402769,7.695604312474399
326.18301,-3.5694,-942.1,3394293.11,1.9134158111950803,6.155252319144559
326.18234,-3.5643,-954.66,3394280.76,1.9433943082917915,6.841041249319491
326.18167,-3.5592,-963.11,3394272.51,1.916630307627282,7.270227238201861
326.18099,-3.5541,-967.04,3394268.78,1.9950827405646248,6.194141285540487
326.18032,-3.549,-973.24,3394262.79,2.276494540815762,8.40176908953069
326.17965,-3.544,-982.41,3394253.82,2.523557113243509,8.931479117939391
326.17898,-3.5389,-998.78,3394237.65,2.5974038521553813,8.437703661498924
326.17831,-3.5338,-1028.49,3394208.15,2.3587299750795774,9.65533756102824
326.17764,-3.5287,-1041.56,3394195.28,1.7520747654707751,11.532281888824064
326.17697,-3.5236,-1041.74,3394195.31,0.8584764967056205,10.563085761588203
326.1763,-3.5185,-1042.65,3394194.6,0.2265732246215404,4.51265668589188
326.17562,-3.5134,-1031.18,3394206.27,0.1754470606922647,3.34778764155748
326.17495,-3.5083,-1029.93,3394207.73,0.2072309520315877,3.7278763201752887
326.17428,-3.5033,-1036.53,3394201.33,0.3677177432746343,4.301515010550849
326.17361,-3.4982,-1039.36,3394198.7,0.6388904522939842,3.4285775236341958
326.17294,-3.4931,-1041.85,3394196.42,0.732383626790169,2.1485938992560034
326.17227,-3.488,-1048.24,3394190.23,0.6995429902529651,1.398241894785234
326.1716,-3.4829,-1050.35,3394188.32,0.7135476464361922,1.306969485792071
326.17091,-3.4778,-1050.55,3394188.32,0.6387313524586731,1.2833291513218563
326.17024,-3.4727,-1056.01,3394183.05,0.4856401187440334,1.8149992951668197
326.16958,-3.4676,-1059.58,3394179.68,0.4587733292447638,1.881531652760102
326.16891,-3.4626,-1063.47,3394175.98,0.4898375229598306,1.4774746289252414
326.16825,-3.4575,-1063.64,3394176.0,0.4322043081468252,1.1015852275745996
326.16758,-3.4524,-1064.27,3394175.56,0.3854403706780744,1.0632278564241655
326.16692,-3.4473,-1064.37,3394175.66,0.3529556952874362,1.113812734359101
326.16625,-3.4422,-1069.15,3394171.07,0.3231958354771508,1.3074402372115888
326.16559,-3.4372,-1071.95,3394168.46,0.2666689198069739,1.5057254232121664
326.16492,-3.4321,-1072.85,3394167.75,0.2352871385670043,1.5260153996924952
326.16426,-3.427,-1072.67,3394168.13,0.2166082285987201,1.2922351031602266
326.16359,-3.4219,-1071.65,3394169.34,0.2604577265019767,1.2300301098222135
326.16293,-3.4169,-1076.76,3394164.42,0.3238163497775499,1.2182308753110616
326.16226,-3.4118,-1078.52,3394162.85,0.3277426424352603,1.2447683745274918
326.1616,-3.4067,-1079.76,3394161.81,0.3983912077737886,2.054772097112475
326.16093,-3.4016,-1083.21,3394158.55,0.5718457610116003,2.992939764044354
326.16027,-3.3966,-1081.65,3394160.3,0.7637995930656515,3.696675443144555
326.1596,-3.3915,-1090.03,3394152.11,0.9424500430508688,3.51687796472859
326.15894,-3.3864,-1098.14,3394144.2,1.079736551292299,3.6365275168463542
326.15827,-3.3813,-1103.57,3394138.96,1.184772007954748,4.153775056330206
326.15762,-3.3763,-1105.91,3394136.81,1.2489849157667987,3.7551347888303095
326.15696,-3.3712,-1106.63,3394136.27,1.2713266865707564,2.3147701757131225
326.15629,-3.3661,-1106.44,3394136.65,1.3138052293320217,1.688185118254909
326.15563,-3.361,-1103.81,3394139.46,1.3585666593487902,1.6714116766938638
326.15496,-3.356,-1105.82,3394137.63,1.2452551608120297,2.270224948182036
326.1543,-3.3509,-1109.08,3394134.55,1.0816655371134505,2.515005447557075
326.15364,-3.3458,-1110.46,3394133.35,0.9364056045038284,2.31005026016742
326.15297,-3.3407,-1109.82,3394134.18,0.8066762496419202,2.462620158636086
326.15231,-3.3357,-1109.52,3394134.66,0.6493957423741009,2.493137908575518
326.15165,-3.3306,-1112.32,3394132.04,0.4949172879555721,2.178959555933735
326.15098,-3.3255,-1113.82,3394130.72,0.5044957445410082,1.7270050986405037
326.15032,-3.3205,-1114.94,3394129.78,0.5510677345416749,1.5998584911296476
326.14966,-3.3154,-1116.68,3394128.22,0.5830095248969202,1.5227760336261704
326.14899,-3.3103,-1123.63,3394121.46,0.6755891524834302,1.279187724332021
326.14833,-3.3052,-1123.01,3394122.26,0.8865315039887445,2.451300574902328
326.14767,-3.3002,-1127.65,3394117.8,1.1941585645367412,4.463065427092743
326.147,-3.2951,-1132.71,3394112.92,1.644341572039941,6.415985277578671
326.14634,-3.29,-1144.88,3394100.94,2.039960120389256,4.926136561120111
326.14568,-3.2849,-1160.58,3394085.42,2.246885622056853,3.2103985370494565
326.14501,-3.2799,-1177.13,3394069.05,2.0390154951181887,4.769766609288428
326.14435,-3.2748,-1184.04,3394062.32,1.637910969894088,5.796486181092315
326.14368,-3.2698,-1191.36,3394055.17,1.0936114584087544,5.641839029600161
326.14302,-3.2647,-1193.8,3394052.9,0.6675733841545194,2.9598408082557266
326.14236,-3.2596,-1197.72,3394049.16,0.4572886979628002,2.173013796470482
326.14169,-3.2545,-1192.98,3394054.07,0.3160757125356997,1.5786984409728764
326.14103,-3.2494,-1199.4,3394047.82,1.045313594885215,7.9471901354058865
326.14036,-3.2443,-1200.35,3394047.04,0.5964006752402032,10.401884680501784
326.1397,-3.2392,-1198.76,3394048.81,0.710051825792182,10.717274897494022
326.13904,-3.2341,-1195.55,3394052.19,0.278206949843632,12.3223387112111
326.13837,-3.229,-1200.53,3394047.38,2.4189901826824696,34.6793702879256
326.13771,-3.2239,-1202.6,3394045.49,7.896375078721227,64.95835653568152
326.13705,-3.2188,-1222.72,3394025.54,12.321059253386515,82.38651514115932
326.13638,-3.2137,-1347.13,3393901.3,19.044856397370744,72.12058910633185
326.13572,-3.2086,-1513.63,3393734.98,25.064635045300356,33.8468474786161
326.13506,-3.2035,-1662.33,3393586.45,25.16133429620565,28.347680980613937
326.1344,-3.1985,-1820.68,3393428.27,25.05879078748281,31.181042511315127
326.13374,-3.1934,-1971.79,3393277.33,24.27062745448548,34.58241790021727
326.13308,-3.1883,-2110.26,3393139.04,24.049102690019897,40.46492722499357
326.13242,-3.1832,-2243.93,3393005.54,22.674378943931085,42.257583875163554
326.13176,-3.1781,-2364.23,3392885.41,19.170125618115797,67.02990150023832
326.1311,-3.173,-2475.18,3392774.63,15.614894469026757,79.80689430613748
326.13043,-3.1679,-2561.44,3392688.53,12.778645468010277,72.2961258524321
326.12977,-3.1628,-2602.01,3392648.13,10.06213273914112,63.04129183722001
326.12911,-3.1577,-2626.49,3392623.81,7.682117427074853,49.39505000609345
326.12844,-3.1526,-2652.56,3392597.9,6.656767460408773,42.22215933568224
326.12712,-3.1424,-2696.3,3392554.49,4.030637156705087,28.4852915873996
326.12645,-3.1373,-2714.77,3392536.18,3.1502245221738687,27.19809999839305
326.12579,-3.1322,-2722.41,3392528.71,3.3027265156871404,26.40529778357154
326.12513,-3.1271,-2717.36,3392533.92,4.149483088397704,21.03145920735212
326.12446,-3.122,-2722.49,3392528.95,5.275541300600283,18.3854006574431
326.1238,-3.1169,-2781.72,3392469.88,6.037538125040158,17.986168744556096
326.12314,-3.1118,-2804.79,3392446.98,7.015310568604048,20.890255080589675
326.12247,-3.1067,-2845.48,3392406.45,8.63525447798626,22.87930987342517
326.12181,-3.1016,-2911.36,3392340.73,10.377180252988657,23.65966737642288
326.12115,-3.0965,-2989.22,3392263.04,11.43433556070975,19.219269011532663
326.12048,-3.0914,-3020.22,3392232.2,11.66785206438037,17.918522702287156
326.11982,-3.0863,-3115.24,3392137.34,11.03915193768202,21.29224365455072
326.11916,-3.0812,-3164.81,3392087.94,8.326893892302815,39.06460194365313
326.1185,-3.0761,-3173.61,3392079.3,7.370048884492808,36.13012833824501
326.11715,-3.0659,-3099.18,3392154.03,7.080052753523674,30.18286605609861
326.11649,-3.0608,-3136.11,3392117.26,8.94355680496985,28.278011904863583
326.11584,-3.0558,-3221.29,3392032.23,9.735316952308676,22.240317191175752
326.11518,-3.0507,-3245.04,3392008.63,9.503992850552386,23.21215747176021
326.11452,-3.0456,-3220.87,3392032.95,8.578025465141726,23.17026710798331
326.11387,-3.0405,-3303.87,3391950.11,6.421586377430462,19.69115005260323
326.11321,-3.0354,-3302.47,3391951.66,5.466032973216849,21.065167934064025
326.11256,-3.0303,-3313.88,3391940.4,4.777760431430009,20.36884423426092
326.1119,-3.0252,-3341.81,3391912.62,3.411343719963039,10.814128014457818
326.11124,-3.0201,-3351.02,3391903.57,3.6005615846442987,7.037042944727831
326.11058,-3.015,-3360.37,3391894.37,3.7952494720054446,7.475572536270063
326.10993,-3.0099,-3379.97,3391874.92,4.60192148982224,11.243508605736675
326.10927,-3.0049,-3401.56,3391853.48,5.624387419241055,12.328442481944323
326.10861,-2.9998,-3411.58,3391843.62,6.337736628857014,14.887095381508976
326.10796,-2.9947,-3438.21,3391817.14,6.546214586895546,17.173467691624296
326.1073,-2.9896,-3458.96,3391796.54,6.803582945001853,16.60184372158598
326.10664,-2.9845,-3449.77,3391805.88,7.560379979495898,13.761798945762894
326.10599,-2.9794,-3460.14,3391795.67,8.281894785559574,17.1648581870385
326.10533,-2.9743,-3478.48,3391777.48,8.776904664642935,22.711897204938357
326.10468,-2.9692,-3501.18,3391754.93,9.813522735006549,25.759083971422708
326.10403,-2.9641,-3563.57,3391692.68,10.770003558315189,21.535818841429546
326.10337,-2.9591,-3624.01,3391632.39,11.226061995296046,21.147575860404256
326.10272,-2.954,-3707.78,3391548.76,11.719210140083463,18.469010252015934
326.10206,-2.9489,-3763.63,3391493.05,11.707910190102345,15.326723251179931
326.10141,-2.9438,-3846.54,3391410.29,11.053259757510194,15.521979217442384
326.10075,-2.9387,-3886.1,3391370.87,9.698709808218778,20.5927117007502
326.1001,-2.9336,-3928.13,3391328.98,8.562134281590358,22.505617997857005
326.09944,-2.9285,-3967.25,3391290.01,7.6171414608413075,20.76641050928706
326.09879,-2.9234,-3974.18,3391283.22,6.106339377503642,13.951313247617897
326.09813,-2.9183,-4009.21,3391248.33,4.718441407254042,12.35429451098405
326.09748,-2.9133,-4040.92,3391216.76,3.59427067589918,12.843024479303828
326.09682,-2.9082,-4052.92,3391204.91,2.851549582734299,12.700401332300183
326.09617,-2.9031,-4056.57,3391201.4,1.8327175146879808,7.792107663976554
326.09551,-2.898,-4060.3,3391197.81,1.1752274880296647,4.019111951304985
326.09485,-2.8929,-4068.46,3391189.8,1.0541898026217205,3.647973686719658
326.0942,-2.8878,-4078.69,3391179.71,1.1334194211230004,2.954435297325787
326.09354,-2.8827,-4086.21,3391172.33,1.1333348985662357,2.615035627714428
326.09289,-2.8776,-4090.84,3391167.85,1.0042227187095143,2.529417702819238
326.09223,-2.8725,-4095.22,3391163.61,0.7981412072079882,3.302564846881588
326.09161,-2.8675,-4101.64,3391157.32,0.559854590414332,3.726758316429631
326.09094,-2.8624,-4101.05,3391158.05,0.29446326962905,2.695445308541044
326.09028,-2.8573,-4098.18,3391161.05,0.1029985952683701,1.7411706306117578
326.08961,-2.8522,-4099.53,3391159.83,0.0317634216724114,1.1620193818041749
326.08894,-2.8471,-4099.97,3391159.53,0.0392850106560637,0.9460283929972548
326.08827,-2.842,-4101.23,3391158.4,0.0734614787036965,0.8752127884984979
326.0876,-2.8369,-4100.64,3391159.12,0.0528892265164014,0.6671046404630863
326.08693,-2.8318,-4101.11,3391158.79,0.0136596119394678,0.8089909000296657
326.08626,-2.8268,-4100.49,3391159.54,0.0258221068705101,0.7860264986769364
326.0856,-2.8217,-4101.05,3391159.11,0.245823823012191,1.7415757458226404
326.08493,-2.8166,-4100.47,3391159.83,0.3396394961302365,2.0114807877408447
326.08426,-2.8115,-4100.57,3391159.86,0.3937470854702286,2.4364666617063198
326.08359,-2.8064,-4101.44,3391159.12,0.4342426536179244,2.457171051431778
326.08292,-2.8013,-4100.7,3391160.0,0.4392511689178523,2.26788310539616
326.08225,-2.7962,-4099.75,3391161.08,0.4329295125539246,2.606922301238442
326.08159,-2.7911,-4103.68,3391157.28,0.4522588035004847,2.7185836133815884
326.08092,-2.7861,-4105.99,3391155.11,0.4564662717225541,2.763953287728245
326.08025,-2.781,-4106.51,3391154.72,0.4461111369914935,2.7916112737135643
326.07958,-2.7759,-4109.26,3391152.1,0.4620149594138359,2.6908960826342545
326.07891,-2.7708,-4110.21,3391151.29,0.4574904126415993,2.6206080492153467
326.07823,-2.7657,-4112.14,3391149.48,0.4677234488626128,3.381392123923902
326.07756,-2.7606,-4116.02,3391145.73,0.5493741971363747,3.851742147471771
326.07689,-2.7555,-4119.13,3391142.74,0.7193978699510584,4.0643936902444215
326.07622,-2.7504,-4122.69,3391139.3,0.8641963238728789,4.247422940343161
326.07554,-2.7454,-4126.22,3391135.9,0.915489695836196,4.312889526997594
326.07487,-2.7403,-4130.43,3391131.81,0.969471338885322,4.156368142980452
326.0742,-2.7352,-4136.21,3391126.16,0.9306162992069392,4.3073121973589386
326.07353,-2.7301,-4142.63,3391119.86,0.9271010184487332,4.201121452320782
326.07286,-2.725,-4146.12,3391116.49,0.8930344899642195,4.113366799280458
326.07219,-2.7199,-4149.23,3391113.51,0.8101663686186916,3.932111375397546
326.07152,-2.7148,-4152.63,3391110.23,0.7782248989130957,3.5553695628075426
326.07085,-2.7097,-4154.78,3391108.21,0.7802627825811171,3.225175926713472
326.07018,-2.7047,-4157.9,3391105.21,0.760312080897626,3.3554011803783124
326.06951,-2.6996,-4161.35,3391101.88,0.7884310138351832,3.5033884538305724
326.06883,-2.6945,-4164.51,3391098.85,0.7782423123363598,3.504097842639447
326.06816,-2.6894,-4158.99,3391104.49,0.8052641346523587,3.5392819751251428
326.06749,-2.6843,-4157.17,3391106.44,0.6593778098026336,3.6024198112415844
326.06682,-2.6792,-4162.23,3391101.5,0.5022858068807223,3.520745463458462
326.06615,-2.6741,-4165.68,3391098.17,0.4506804744478377,3.460917341349432
326.06548,-2.669,-4168.47,3391095.51,0.4309348695105537,3.219540213402415
326.06479,-2.6639,-4168.21,3391095.89,0.3338995583665257,2.260754537467164
326.06413,-2.6589,-4168.68,3391095.53,0.3542875802941634,1.3382818047267249
326.06346,-2.6538,-4172.13,3391092.2,0.4055522139131017,0.8627356566733776
326.0628,-2.6487,-4174.57,3391089.87,0.4079473859187132,0.6964338756621427
326.06213,-2.6436,-4176.07,3391088.48,0.3865638090765158,0.8539317140193775
326.06147,-2.6385,-4178.48,3391086.2,0.3636124472908694,0.8108237532042228
326.0608,-2.6335,-4180.4,3391084.39,0.3515145836702514,1.240645887036214
326.06014,-2.6284,-4179.58,3391085.32,0.3230849235583858,1.5756137339062386
326.05947,-2.6233,-4184.73,3391080.29,0.2107951899558596,2.8338399807833583
326.05881,-2.6182,-4184.92,3391080.21,0.428706030840645,4.204844530316639
326.05814,-2.6131,-4181.71,3391083.54,0.8044524436739836,5.610124503780213
326.05748,-2.608,-4175.44,3391089.92,1.3551794341442014,5.730552427050847
326.05681,-2.603,-4167.65,3391097.82,2.299748831131561,9.46869987584524
326.05615,-2.5979,-4154.94,3391110.65,3.6613550665626193,15.883696193101986
326.05548,-2.5928,-4140.18,3391125.52,5.605467738192435,23.72382931115364
326.05482,-2.5877,-4100.23,3391165.6,7.813426966942888,32.13512523545017
326.05415,-2.5826,-4046.77,3391219.17,8.706155819374107,30.15932738290416
326.05348,-2.5776,-3989.04,3391277.01,7.2394449140819805,46.34235725282428
326.05282,-2.5725,-3959.35,3391306.82,6.745389376023547,52.42030062077813
326.05215,-2.5674,-3951.04,3391315.24,6.238810703908511,52.68269858354321
326.0515,-2.5623,-4005.93,3391260.46,9.260472299409791,43.22777843299188
326.05084,-2.5573,-4036.04,3391230.46,10.792122277612362,36.170917777014594
326.05017,-2.5522,-3984.11,3391282.49,10.17799741665988,46.91784706123241
326.04951,-2.5471,-3965.45,3391301.26,9.412429098933147,55.45782874052012
326.04885,-2.542,-4000.71,3391266.11,8.962933170470304,56.6855747872703
326.04818,-2.5369,-4049.88,3391217.04,7.87421886214773,53.36361206117251
326.04752,-2.5319,-4060.9,3391206.13,6.713645140792565,52.908738968847565
326.04686,-2.5268,-4037.37,3391229.76,4.5851252930336885,39.83750780786286
326.04619,-2.5217,-4038.0,3391229.24,4.45443899407217,22.983964757974327
326.04553,-2.5166,-4054.2,3391213.15,5.183421151751727,14.80498613274266
326.04487,-2.5115,-4084.84,3391182.61,5.422152847885231,12.57100730788257
326.0442,-2.5065,-4116.98,3391150.58,4.4952277707875,18.093485022744595
326.04354,-2.5014,-4135.75,3391131.91,3.1440710568841506,20.51383181264903
326.04288,-2.4963,-4133.96,3391133.81,2.451728158844716,25.64320876745914
326.04221,-2.4912,-4122.79,3391145.09,5.362065341213441,39.59054926884743
326.04155,-2.4861,-4106.47,3391161.51,8.868834748492674,41.53143045744452
326.04088,-2.4811,-4060.77,3391207.32,10.591051432594517,39.45044229035965
326.04022,-2.476,-3955.94,3391312.25,9.63928357252926,55.0106935988924
326.03955,-2.4709,-3836.62,3391431.68,6.323154616684499,79.90470354692944
326.03889,-2.4658,-3794.74,3391473.67,4.408522430062832,83.20753111955858
326.03825,-2.4607,-3864.5,3391404.0,7.916933373725352,58.88662604348775
326.03758,-2.4557,-3988.15,3391280.45,10.207035994592198,39.499014855840045
326.03691,-2.4506,-4082.08,3391186.62,9.003335886279546,46.19790931405476
326.03624,-2.4455,-4128.63,3391140.17,7.119117281539439,39.79120516058751
326.03558,-2.4404,-4145.64,3391123.25,4.770290286208162,32.35137193710897
326.03491,-2.4353,-4143.79,3391125.2,3.216160028213372,39.755876966683
326.03424,-2.4303,-4134.54,3391134.55,2.6116422869129448,36.76519135276407
326.03357,-2.4252,-4117.75,3391151.44,3.3693887672280467,31.33444340255656
326.0329,-2.4201,-4095.07,3391174.21,4.784353718022432,34.64057701908967
326.03223,-2.415,-4049.07,3391220.31,6.605487820519866,41.02602011232564
326.03156,-2.4099,-4064.57,3391204.91,6.054838099169347,55.36621418850947
326.03089,-2.4049,-4075.11,3391194.47,3.71337119288344,62.699940322564245
326.03022,-2.3998,-4062.49,3391207.18,2.6017190759901814,64.45549127742049
326.02955,-2.3947,-4053.85,3391215.92,2.3056453315840764,63.45178222370731
326.02888,-2.3896,-4043.64,3391226.23,2.4810482664804567,63.669966232951545
326.02821,-2.3845,-3999.87,3391270.1,3.116023708226682,55.8929969351049
326.02754,-2.3795,-3936.04,3391334.02,4.627314581287547,44.33860479571136
326.02687,-2.3744,-3901.35,3391368.81,3.632796884099364,36.9263623490439
326.0262,-2.3693,-3906.13,3391364.13,3.0265797696645778,45.3267145897921
326.02553,-2.3642,-3947.7,3391322.66,2.00265200524972,47.98453311534706
326.02418,-2.3541,-3811.54,3391459.0,3.4966437532253045,51.08298611917068
326.02351,-2.349,-3865.79,3391404.84,4.106610223902315,50.64623452962972
326.02284,-2.3439,-3977.61,3391293.11,5.512159288577062,46.77170968350246
326.02218,-2.3388,-4032.12,3391238.69,6.336509304650843,40.71712988121588
326.02151,-2.3338,-4047.17,3391223.73,4.7399387652817575,29.12728713689587
326.02084,-2.3287,-4064.09,3391206.9,4.2275531927959165,14.90839703249822
326.02017,-2.3236,-4078.8,3391192.28,4.391824042625072,11.886862206508518
326.0195,-2.3185,-4100.98,3391170.19,3.242037413347371,12.006832794841444
326.01883,-2.3134,-4121.07,3391150.19,1.1334188773075895,25.25003716672112
326.01748,-2.3033,-4113.3,3391158.13,6.251355210100797,55.03799715440652
326.01681,-2.2982,-4035.36,3391236.16,8.77012225581876,45.13250527994925
326.01614,-2.2931,-3941.55,3391330.06,8.97276357403117,47.910003032205005
326.01547,-2.288,-3917.31,3391354.39,6.079081621686812,66.96098402323321
326.01413,-2.2779,-3888.84,3391383.04,9.34789483549822,48.75263796380128
326.01346,-2.2728,-3941.06,3391330.91,10.668459055447496,34.97708320555012
326.01279,-2.2677,-4041.62,3391230.44,9.151563005277904,38.67372729969846
326.01212,-2.2626,-4115.26,3391156.89,6.662795397108946,44.27079362729455
326.01139,-2.2576,-4141.55,3391130.69,2.5954822953869874,37.77874848166245
326.01074,-2.2525,-4144.91,3391127.41,0.4767181916446309,20.196514532666157
326.01009,-2.2474,-4138.99,3391133.41,0.634407896154546,13.857307959622736
326.00944,-2.2423,-4133.62,3391138.86,0.710290587814597,13.71124275266428
326.00878,-2.2372,-4131.74,3391140.82,0.6542102596227044,13.67446763219778
326.00813,-2.2321,-4137.08,3391135.57,1.0293584243851397,12.329229867422344
326.00748,-2.227,-4143.9,3391128.83,1.5107719976440723,10.707645954813517
326.00682,-2.222,-4151.06,3391121.75,1.215565842243435,12.476452865022104
326.00617,-2.2169,-4152.34,3391120.55,0.2388841035265303,8.841506759280053
326.00552,-2.2118,-4148.24,3391124.73,0.3634515668574446,6.763334511391287
326.00487,-2.2067,-4141.24,3391131.81,0.8152849721157329,3.913536138876819
326.00421,-2.2016,-4135.24,3391137.89,0.9569205156926422,3.501273502420534
326.00356,-2.1965,-4133.11,3391140.1,0.8923666954051807,4.440395120588882
326.00291,-2.1914,-4132.17,3391141.12,0.8718022991592084,3.5862259130536063
326.00225,-2.1863,-4137.88,3391135.49,1.0644248649897516,2.954703183985631
326.0016,-2.1812,-4142.03,3391131.43,1.375155245639227,4.085502675618793
326.00095,-2.1761,-4141.02,3391132.52,1.8129755131403569,5.532443169102551
326.00029,-2.171,-4135.51,3391138.11,2.187363166840424,5.420817456779846
325.99964,-2.166,-4129.59,3391144.11,2.456624849489721,4.606517429974271
325.99899,-2.1609,-4123.3,3391150.48,2.579181198869609,3.933802257180659
325.99836,-2.1558,-4124.78,3391149.08,2.5635029804418648,3.97999595951752
325.99771,-2.1507,-4130.14,3391143.79,2.4403159440434803,4.9804295205040185
325.99706,-2.1456,-4132.48,3391141.53,2.22359442726877,5.930692318486509
325.99641,-2.1405,-4129.6,3391144.48,2.2521618225656908,5.117319557256974
325.99576,-2.1354,-4127.74,3391146.41,2.332253292321559,4.263221150756198
325.99511,-2.1303,-4129.04,3391145.19,2.371615595973083,3.3501485431429394
325.99447,-2.1252,-4132.76,3391141.54,2.1142334991551426,5.052077344960309
325.99382,-2.1201,-4140.66,3391133.72,1.556409551284874,8.33384587547082
325.99317,-2.115,-4140.05,3391134.4,1.2434973160183047,10.47563237673606
325.99252,-2.1099,-4139.28,3391135.24,1.5663504552138745,9.295126480240384
325.99187,-2.1048,-4126.27,3391148.33,2.0781752603749366,6.628909491557915
325.99122,-2.0997,-4112.57,3391162.1,2.5813857027091327,4.980037433315617
325.99057,-2.0946,-4105.54,3391169.21,3.3295722981632934,7.713082115781304
325.98992,-2.0895,-4098.08,3391176.74,3.888518369768524,8.541677451818067
325.98927,-2.0844,-4080.2,3391194.69,3.92318619689842,9.380040413708262
325.98862,-2.0793,-4040.15,3391234.82,3.47376553026614,15.76751628282794
325.98797,-2.0742,-4030.88,3391244.16,3.0530458963924594,21.33156293922879
325.98732,-2.0692,-4037.71,3391237.41,2.663719752291161,16.76726391616128
325.98667,-2.0641,-4059.86,3391215.33,1.318380954180677,21.782175517982697
325.98603,-2.059,-4092.22,3391183.04,5.136752276821339,48.25658931653548
325.98541,-2.0539,-4070.95,3391204.39,6.645108347109281,62.87558171158818
325.98475,-2.0488,-4003.45,3391271.95,10.29997192309474,58.9612946503914
325.98409,-2.0437,-3916.97,3391358.5,13.287594073656525,46.75102375846644
325.98343,-2.0386,-3819.69,3391455.85,13.39962069427177,52.38995089652616
325.98276,-2.0335,-3746.2,3391529.4,10.751096578949213,73.42344334951598
325.9821,-2.0284,-3640.97,3391634.7,9.211966909682992,91.03966916174078
325.98144,-2.0233,-3650.87,3391624.87,11.037928847096651,90.14321547362243
325.98078,-2.0182,-3793.63,3391482.17,13.215842824765511,79.21096803179488
325.98012,-2.0132,-3940.8,3391335.07,13.604808736153672,77.16313801408565
325.97947,-2.0081,-4046.81,3391229.13,9.234200269524454,91.65129245327874
325.97881,-2.003,-4077.61,3391198.39,4.5460740202859125,86.15654925581299
325.97814,-1.9979,-4059.22,3391216.85,9.536328213411764,64.23970088727266
325.97748,-1.9928,-4033.51,3391242.63,14.22514675768109,42.826506826884895
325.97682,-1.9877,-4036.48,3391239.72,15.794906918055744,43.069639146871125
325.97616,-1.9826,-4043.35,3391232.92,16.813977086341872,40.011811174219446
325.9755,-1.9775,-4024.39,3391251.95,15.606004919932648,37.80490649979984
325.97484,-1.9724,-4063.77,3391212.63,13.37124067495948,33.924234583706465
325.97418,-1.9674,-4112.53,3391163.94,10.611883709383523,25.673602467462118
325.97352,-1.9623,-4147.4,3391129.14,8.202837287079076,18.626848053286505
325.97286,-1.9572,-4172.28,3391104.32,6.583525600092334,14.149719995786986
325.97218,-1.9521,-4186.21,3391090.45,6.01473979338264,10.755365001445565
325.97152,-1.947,-4190.4,3391086.32,4.516172824188753,15.245527399039291
325.97086,-1.9419,-4196.78,3391080.0,3.3158962928819946,17.273765478750164
325.96953,-1.9318,-4196.24,3391080.66,1.5032839090827363,15.422143007812643
325.96887,-1.9267,-4196.99,3391079.97,0.7579506278103736,10.872775032523425
325.9682,-1.9216,-4193.72,3391083.3,0.2441602760270511,5.61526418443589
325.96754,-1.9165,-4197.56,3391079.52,0.4630513994546568,1.4612348871894036
325.96688,-1.9114,-4194.92,3391082.22,0.3625321648073106,1.7878119932910683
325.96621,-1.9063,-4193.79,3391083.41,0.3263934910040961,1.8116275735375889
325.96555,-1.9012,-4197.68,3391079.58,0.2120336971594527,1.579770451437538
325.96489,-1.8962,-4198.95,3391078.37,0.3476220285109107,1.37155599391643
325.96422,-1.8911,-4198.99,3391078.39,0.2348890411931473,2.101701716549356
325.96356,-1.886,-4200.51,3391076.93,0.1894435276379091,2.025165443920703
325.9629,-1.8809,-4203.24,3391074.26,0.2189692268470307,2.096118752265379
325.96223,-1.8758,-4203.63,3391073.93,0.3169779581299135,2.299829656037466
325.96157,-1.8707,-4204.08,3391073.54,0.2992818886026357,2.380205431249633
325.96091,-1.8656,-4204.93,3391072.75,0.2680597001573028,2.167377856110117
325.96024,-1.8606,-4207.2,3391070.54,0.2979698126888443,0.9838227203911404
325.95894,-1.8504,-4207.34,3391070.51,0.210244176510994,1.3130867499680867
325.95827,-1.8453,-4209.33,3391068.57,0.1757613291255346,0.921404249461534
325.9576,-1.8402,-4208.67,3391069.28,0.2161888239008264,0.8641308631157875
325.95693,-1.8351,-4213.14,3391064.87,0.1649212422916335,1.0682854891884124
325.95626,-1.83,-4212.02,3391066.04,0.1260640163125122,1.1757235618439228
325.95559,-1.825,-4213.63,3391064.48,0.0460805429994731,1.403289215467554
325.95492,-1.8199,-4211.89,3391066.27,0.0606594037622473,0.984081634174862
325.95425,-1.8148,-4211.19,3391067.03,0.0872226419582135,1.3329449981206825
325.95358,-1.8097,-4210.87,3391067.4,0.1172339866573093,1.3467362870526989
325.95291,-1.8046,-4212.8,3391065.52,0.0918067493375806,1.408006860481973
325.95224,-1.7995,-4214.71,3391063.67,0.1897071694139276,0.9924139575570002
325.95157,-1.7944,-4213.97,3391064.46,0.3374309755028244,3.405136298462476
325.9509,-1.7894,-4213.29,3391065.19,0.297544707303144,3.485585347057268
325.95023,-1.7843,-4216.65,3391061.89,0.2654838274445689,3.430727165351503
325.94956,-1.7792,-4214.13,3391064.46,0.2927016296177098,3.4587813961199454
325.94889,-1.7741,-4217.66,3391060.98,0.3165764237995404,3.4524691038743
325.94822,-1.769,-4218.46,3391060.23,0.3104963843606661,3.283474747874538
325.94755,-1.7639,-4222.88,3391055.87,0.3321075997291285,1.0989631700933948
325.94688,-1.7588,-4221.18,3391057.62,0.239273603736722,2.6458054910947046
325.94621,-1.7538,-4223.44,3391055.41,0.2542311551786104,2.69324215361935
325.94554,-1.7487,-4224.02,3391054.89,0.3314170142753225,3.002595509853765
325.94487,-1.7436,-4228.16,3391050.79,0.4173502018716385,2.84161983273877
325.9442,-1.7385,-4229.16,3391049.84,0.4425202817765463,2.668562204154041
325.94352,-1.7334,-4233.55,3391045.5,0.4406075355755989,2.686627053520548
325.94285,-1.7283,-4233.16,3391045.93,0.2454073567803829,1.274865301110181
325.94218,-1.7232,-4233.29,3391045.85,0.1983624674363146,0.9488206729408764
325.94151,-1.7182,-4234.77,3391044.42,0.1319778567077016,1.1273852412929228
325.94084,-1.7131,-4234.8,3391044.43,0.1853350347010584,1.0989957480631425
325.94017,-1.708,-4236.82,3391042.46,0.1975745051007305,1.0291444613873255
325.9395,-1.7029,-4233.85,3391045.48,0.2091526967119789,1.0131934010425585
325.93883,-1.6978,-4236.76,3391042.61,0.2991713931385867,1.2191757692030238
325.93816,-1.6927,-4238.26,3391041.16,0.2963838910139942,1.25998010358779
325.93749,-1.6877,-4240.72,3391038.75,0.2822338061460878,1.624991517054666
325.93682,-1.6826,-4240.4,3391039.11,0.2089783310769828,1.4401128529485314
325.93615,-1.6775,-4240.43,3391039.13,0.1590554618382471,1.275212046749775
325.93547,-1.6724,-4238.23,3391041.38,0.0856122149328385,2.1952893692598385
325.9348,-1.6673,-4241.66,3391037.99,0.1296325602457929,2.2019645422844163
325.93413,-1.6622,-4241.34,3391038.36,0.1492678540784216,2.2322955212176674
325.93346,-1.6571,-4246.19,3391033.56,0.2023476941529856,2.2936147711330714
325.93279,-1.6521,-4237.76,3391042.03,0.3128252574577049,1.959788592599474
325.93143,-1.6419,-4235.9,3391043.98,0.3219356211530416,1.8492601203949124
325.93077,-1.6368,-4234.86,3391045.06,0.2143662767330721,1.533649349263775
325.93011,-1.6317,-4233.75,3391046.21,0.2013328591028598,1.9292026145740488
325.92944,-1.6266,-4233.43,3391046.57,0.225299086222723,2.005631261776589
325.92878,-1.6216,-4232.07,3391047.97,0.2291586788010058,2.010178480045314
325.92811,-1.6165,-4231.4,3391048.68,0.2282551935171781,2.400404183753698
325.92745,-1.6114,-4231.66,3391048.46,0.2562820625303931,2.908842433971631
325.92679,-1.6063,-4234.32,3391045.84,0.2973306819970461,3.14943783670068
325.92612,-1.6012,-4237.47,3391042.73,0.3196274191984484,3.157852186494408
325.92546,-1.5962,-4227.7,3391052.54,0.3307382918862541,2.78459253982769
325.92479,-1.5911,-4227.08,3391053.2,0.3407584718306264,2.7549711025961314
325.92413,-1.586,-4224.82,3391055.5,0.3332181269112478,2.989743026946428
325.92347,-1.5809,-4228.67,3391051.69,0.3578581107823176,2.458257230190781
325.9228,-1.5758,-4229.48,3391050.92,0.4941245223432621,2.241470508724403
325.92214,-1.5708,-4230.28,3391050.16,0.6638513897970801,2.09333471429056
325.92148,-1.5657,-4223.61,3391056.87,0.7465601772227395,1.8817019810540163
325.92081,-1.5606,-4223.66,3391056.86,0.8983025624233433,1.7887251490137617
325.92015,-1.5555,-4220.67,3391059.89,0.9735165471324184,1.658411408191334
325.91948,-1.5504,-4216.55,3391064.05,1.0345889655744989,2.092010409915091
325.91883,-1.5454,-4213.94,3391066.71,1.1248521226007746,2.4748771279831945
325.91816,-1.5403,-4206.93,3391073.75,1.193899418639311,3.4690573149102777
325.9175,-1.5352,-4199.89,3391080.83,1.3572936401388644,3.6444781872688368
325.91684,-1.5301,-4189.36,3391091.39,1.5212954524613442,2.670806754552685
325.91617,-1.5251,-4175.96,3391104.83,1.5576924947440225,3.0377418227883037
325.91551,-1.52,-4169.18,3391111.64,1.4327905309059443,4.132432651750169
325.91485,-1.5149,-4162.89,3391117.97,0.9703925764183444,6.045400012490789
325.91419,-1.5098,-4155.85,3391125.04,0.3938180948249369,6.6152751136645565
325.91352,-1.5047,-4162.53,3391118.4,0.2090643677830808,4.862720303125886
325.91286,-1.4997,-4166.36,3391114.6,0.4617907113734722,3.1431402760595333
325.9122,-1.4946,-4166.07,3391114.93,0.5971036709028578,2.3421495739994347
325.91153,-1.4895,-4167.31,3391113.72,0.6627695593207792,2.5734485014661725
325.91087,-1.4844,-4168.1,3391112.97,0.7678263244482085,2.403258466649719
325.91021,-1.4794,-4175.53,3391105.57,0.9697507078800156,2.184412367161874
325.90955,-1.4743,-4181.23,3391099.91,1.0682131809654425,2.2143009801604294
325.90888,-1.4692,-4180.9,3391100.27,1.0636594532269967,3.0688176026020355
325.90822,-1.4641,-4187.68,3391093.53,0.9991302349543424,2.8249751192948893
325.90756,-1.459,-4186.65,3391094.59,0.86170202263103,2.7622711572491445
325.90689,-1.454,-4184.41,3391096.87,0.7152238395839217,3.4530891865527167
325.90623,-1.4489,-4183.37,3391097.94,0.4026809211350091,6.963917125313327
325.90555,-1.4438,-4188.35,3391092.99,1.6912165658846543,11.99555133707627
325.9049,-1.4387,-4195.83,3391085.55,2.2842852875701443,11.248178183317249
325.90424,-1.4337,-4214.9,3391066.5,2.8292992624842923,8.46537783315214
325.90358,-1.4286,-4236.82,3391044.62,3.002599197277754,7.643230501786533
325.90293,-1.4235,-4258.06,3391023.4,2.815908890414771,8.92962375457035
325.90227,-1.4184,-4271.67,3391009.83,2.452537567200353,8.785524401020183
325.90161,-1.4133,-4280.31,3391001.21,1.8666496195647653,7.728716176832984
325.90095,-1.4082,-4283.71,3390997.84,1.3396364557006126,6.260736633538226
325.9003,-1.4032,-4288.21,3390993.38,1.07642115393978,5.026374372900012
325.89964,-1.3981,-4289.8,3390991.81,1.0313426048078866,4.556621181393378
325.89898,-1.393,-4289.81,3390991.83,1.0370882062415898,3.2272609910034062
325.89832,-1.3879,-4296.32,3390985.35,1.0240606566974435,3.120901023206916
325.89767,-1.3828,-4291.35,3390990.35,1.1243182024481115,3.3841261497171917
325.89701,-1.3777,-4290.31,3390991.42,1.353163345245164,4.547604757474657
325.89635,-1.3726,-4292.16,3390989.6,1.4321713419904016,4.352667991349767
325.89569,-1.3676,-4303.25,3390978.55,1.4709755948184928,3.8124846543295297
325.89504,-1.3625,-4315.97,3390965.85,1.462522720507822,4.149093246681326
325.89438,-1.3574,-4311.83,3390970.03,1.3610775639214645,4.081215212057449
325.89372,-1.3523,-4311.15,3390970.73,1.2256504494553877,3.453764250320625
325.89307,-1.3472,-4314.18,3390967.74,1.18401734318858,3.1361414853719487
325.89242,-1.3421,-4316.13,3390965.81,1.041720799408475,2.6213985265937367
325.89176,-1.337,-4316.88,3390965.09,0.9783073128120048,2.058172411478909
325.8911,-1.332,-4321.89,3390960.1,0.8464149708505816,2.0855931298509263
325.89045,-1.3269,-4322.24,3390959.78,0.7718639421869458,2.295816578704028
325.88979,-1.3218,-4320.81,3390961.23,0.7279370759872181,2.420955413493896
325.88913,-1.3167,-4321.6,3390960.47,0.6978554442736565,2.5558627167039267
325.88848,-1.3116,-4321.14,3390960.95,0.6797702187808479,2.3924175798986225
325.88782,-1.3065,-4324.69,3390957.43,0.6091741114159704,1.6401428705256595
325.88717,-1.3015,-4330.37,3390951.77,0.6188942872308215,1.830821861496523
325.88651,-1.2964,-4330.73,3390951.44,0.78794914733674,2.3743397567859232
325.88585,-1.2913,-4333.73,3390948.46,0.9583736616564162,2.8817058165261886
325.8852,-1.2862,-4335.58,3390946.64,1.1125644139095738,2.93329408098668
325.88454,-1.2811,-4346.46,3390935.78,1.2407935117131372,2.501919837558164
325.88389,-1.276,-4355.58,3390926.69,1.2331406049244875,2.752255770058074
325.88323,-1.2709,-4363.41,3390918.88,1.1921436760596802,3.002991117254852
325.88257,-1.2659,-4369.95,3390912.37,1.1879646670658373,1.9983377952228625
325.88192,-1.2608,-4374.75,3390907.59,1.2611912482076042,1.354607585620828
325.88126,-1.2557,-4380.86,3390901.51,1.2849094621522934,1.6984215118600805
325.88061,-1.2506,-4388.41,3390893.98,1.078397360051928,3.5861892751719133
325.87995,-1.2455,-4394.8,3390887.62,0.7422175535562613,5.002750658830456
325.87931,-1.2405,-4398.1,3390884.34,0.3347433347921742,4.984357196627329
325.87865,-1.2354,-4392.98,3390889.48,0.0337076783807871,3.222242821023255
325.87799,-1.2303,-4391.14,3390891.34,0.176158342182458,1.827195960756006
325.87732,-1.2252,-4389.99,3390892.51,0.0876078520927339,2.637212149225326
325.87666,-1.2201,-4391.5,3390891.02,0.3077877043719844,2.717793803463448
325.876,-1.215,-4393.89,3390888.65,0.6255689643185535,2.859368740801531
325.87534,-1.2099,-4397.52,3390885.04,0.9298025088624714,2.3227475703030454
325.87468,-1.2048,-4404.39,3390878.19,1.1565422044744416,1.796447310612292
325.87401,-1.1997,-4411.92,3390870.68,1.3400920840924884,1.261162310171181
325.87335,-1.1946,-4419.45,3390863.17,1.4467548931792165,0.6006306762138406
325.87269,-1.1895,-4427.63,3390855.01,1.4753749636755418,0.5507713154785993
325.87203,-1.1844,-4436.37,3390846.29,1.5097009254492098,0.8620490004409076
325.87136,-1.1794,-4443.14,3390839.54,1.570300590300284,1.1210978909115652
325.8707,-1.1743,-4450.26,3390832.44,1.610424942892217,1.2070627147616544
325.87004,-1.1692,-4458.2,3390824.52,1.7023023851862669,1.3152671877723332
325.86938,-1.1641,-4468.32,3390814.42,1.7079022416964829,2.200805429318293
325.86872,-1.159,-4478.91,3390803.85,1.6315227128928866,2.94339897506685
325.86805,-1.1539,-4487.24,3390795.54,1.4390228401022234,3.739401512917062
325.86739,-1.1488,-4488.48,3390794.32,1.2298859542233864,2.6062751358254066
325.86673,-1.1437,-4493.07,3390789.75,0.9158338736690116,2.5187498046772667
325.86606,-1.1386,-4494.05,3390788.8,0.7400915734540416,1.9829857478573123
325.8654,-1.1335,-4499.29,3390783.58,0.6682091079124767,2.033729118701616
325.86473,-1.1284,-4502.89,3390779.99,0.5451818237429523,1.739968526539558
325.86407,-1.1233,-4504.07,3390778.83,0.5087724798691428,1.4970725298484198
325.8634,-1.1183,-4506.06,3390776.85,0.4801957386691888,0.7181309594231379
325.86274,-1.1132,-4507.58,3390775.35,0.5245834382301005,0.8778808417794526
325.86208,-1.1081,-4509.47,3390773.48,0.6103275373785393,0.8536847042846663
325.86141,-1.103,-4513.36,3390769.6,0.7115828511052967,0.8911091999480711
325.86075,-1.0979,-4516.83,3390766.15,0.7258196322232227,0.8158498346917825
325.86009,-1.0928,-4520.85,3390762.14,0.715509557193984,0.9596111175330354
325.85942,-1.0877,-4523.51,3390759.5,0.6735202044538376,1.5577464332138329
325.8581,-1.0775,-4531.38,3390751.66,0.5409036482103916,1.995825737568141
325.85743,-1.0724,-4537.72,3390745.33,0.5733711860032479,2.2250086343067705
325.85677,-1.0673,-4538.85,3390744.22,0.4950979601578117,2.9567224024906245
325.85611,-1.0622,-4540.66,3390742.43,0.485215035333681,3.7785473956787294
325.85544,-1.0571,-4540.6,3390742.5,0.497074066423507,4.263182110307015
325.85478,-1.0521,-4539.43,3390743.69,0.7023347541576016,4.369909977411396
325.85411,-1.047,-4537.49,3390745.64,1.0714296513948611,3.6505752633631703
325.85345,-1.0419,-4534.77,3390748.38,1.3727568087848985,3.961183069725855
325.85279,-1.0368,-4528.74,3390754.43,1.6219339469611702,3.041340543402333
325.85212,-1.0317,-4518.28,3390764.9,1.69179608515117,2.03263183421088
325.85146,-1.0266,-4507.56,3390775.63,1.582997233351255,2.669408813119417
325.8508,-1.0215,-4500.48,3390782.72,1.2090891574160123,4.793814272085566
325.85013,-1.0164,-4496.31,3390786.9,0.7497885178161195,5.460577593451061
325.84947,-1.0113,-4495.01,3390788.22,0.6746874759483557,4.700770264022272
325.84881,-1.0062,-4500.24,3390783.0,0.9218863607193634,3.374998999902996
325.84814,-1.0012,-4504.52,3390778.73,1.0865213074893552,2.1719127760754366
325.84748,-0.9961,-4505.42,3390777.84,0.9019575208572186,2.6415218211621085
325.84682,-0.991,-4508.2,3390775.07,0.7399531495385452,2.5123125488820786
325.84615,-0.9859,-4509.39,3390773.9,0.7890539840803412,3.090605795437198
325.84549,-0.9808,-4515.13,3390768.17,0.85549692050266,4.146910593129361
325.84483,-0.9757,-4519.53,3390763.78,1.0118674492199096,5.209806989049813
325.84416,-0.9706,-4521.01,3390762.31,1.35671278424003,6.090259996714557
325.8435,-0.9656,-4527.77,3390755.56,1.689329512224439,6.084983328335442
325.84284,-0.9605,-4539.16,3390744.19,1.903667171282914,4.818077488478213
325.84217,-0.9554,-4553.47,3390729.89,1.870704434584683,4.501938197683891
325.84151,-0.9503,-4567.25,3390716.12,1.6231941077966023,5.732774739499921
325.84085,-0.9452,-4573.57,3390709.81,1.0476750161547448,6.911575355463321
325.84018,-0.9401,-4574.86,3390708.53,0.54496178353913,6.010058149944966
325.83886,-0.93,-4569.2,3390714.22,0.4327001278991162,1.444592677498896
325.8382,-0.9249,-4565.15,3390718.28,0.3453672626028408,2.054288660141704
325.83753,-0.9198,-4562.97,3390720.46,0.0967728066710979,4.460193396506403
325.83687,-0.9147,-4563.83,3390719.61,0.5997025456119773,6.09376604228131
325.83621,-0.9096,-4565.79,3390717.66,1.012129898484846,4.87152421038752
325.83555,-0.9046,-4573.03,3390710.43,1.2461979284663625,3.7165731971487768
325.83488,-0.8995,-4585.08,3390698.39,1.316000997307135,3.718450943400845
325.83422,-0.8944,-4585.79,3390697.69,1.3307931721238824,3.4359999366572493
325.83356,-0.8893,-4586.53,3390696.96,1.3515539435651291,2.606027135170058
325.83289,-0.8842,-4589.1,3390694.39,1.471507071918842,3.551544217806412
325.83223,-0.8791,-4591.99,3390691.51,1.714652422580592,2.981092293699313
325.83157,-0.874,-4600.66,3390682.85,1.9105751068503052,2.189973611805324
325.8309,-0.869,-4610.72,3390672.8,2.04115688027338,1.5105935325926807
325.83024,-0.8639,-4618.64,3390664.89,2.1397994214418143,1.56322051136975
325.82958,-0.8588,-4628.44,3390655.1,2.1407600465727983,1.6043764143756611
325.82891,-0.8537,-4632.92,3390650.63,2.05940972566151,1.974663352460691
325.82825,-0.8486,-4638.79,3390644.76,1.960476281743457,2.0279175418823567
325.82759,-0.8435,-4648.15,3390635.41,1.8326018485160744,2.313549132982444
325.82692,-0.8385,-4659.81,3390623.76,1.764387523356937,2.616107811707482
325.82628,-0.8334,-4662.55,3390621.02,1.592360832629763,2.603736396483461
325.82561,-0.8283,-4664.77,3390618.81,1.3475659383983074,2.085170136059755
325.82494,-0.8232,-4668.24,3390615.34,1.2398946687616068,1.7509967633730912
325.8236,-0.813,-4681.85,3390601.74,1.217119444794274,2.105034009390798
325.82294,-0.808,-4687.12,3390596.48,1.0322761757869736,2.3650620780442035
325.82227,-0.8029,-4694.6,3390589.0,0.7211479980452759,1.963036208329176
325.8216,-0.7978,-4695.95,3390587.66,0.5855110697107915,2.2833321976622094
325.82093,-0.7927,-4698.61,3390585.0,0.368132679224903,2.122209215886414
325.82026,-0.7877,-4701.39,3390582.23,0.2679601264553202,1.2879631823108977
325.81959,-0.7826,-4703.68,3390579.94,0.2270082039614757,1.3802237849966972
325.81892,-0.7775,-4703.95,3390579.68,0.2226921392595105,1.268099167296132
325.81826,-0.7724,-4703.42,3390580.21,0.1867644957322526,1.6095950347607877
325.81759,-0.7673,-4702.65,3390580.99,0.2353978508740347,1.8548530323678185
325.81692,-0.7623,-4705.98,3390577.66,0.4203679286182122,2.226333445669445
325.81625,-0.7572,-4704.04,3390579.61,0.6079163526297596,2.2505656776473404
325.81491,-0.747,-4716.8,3390566.86,0.7562435304162078,1.6295633461638148
325.81424,-0.742,-4722.22,3390561.44,0.6524293518630944,2.357987641227848
325.81357,-0.7369,-4724.42,3390559.25,0.3113452738867248,2.040761081280561
325.8129,-0.7318,-4727.77,3390555.9,0.2069943602546714,1.91433309546664
325.81223,-0.7267,-4725.44,3390558.23,0.1268446028744493,1.4661577497386105
325.81156,-0.7217,-4723.77,3390559.9,0.0957772414524391,1.4443308000472477
325.81089,-0.7166,-4724.97,3390558.71,0.0652699739767959,1.887937430952975
325.81022,-0.7115,-4728.46,3390555.22,0.064691529629913,2.128667868922256
325.80955,-0.7064,-4725.97,3390557.71,0.1025683843898566,2.467190261521746
325.80888,-0.7013,-4721.82,3390561.86,0.2463504787205232,3.4844573285612617
325.80821,-0.6963,-4722.29,3390561.39,0.5833456526204859,4.132362204824147
325.80754,-0.6912,-4727.24,3390556.45,0.9374077889179616,2.996421288897661
325.80687,-0.6861,-4735.54,3390548.15,1.0654848304469209,2.3212322193008585
325.8062,-0.681,-4741.42,3390542.27,1.100754237776492,2.3822138614098325
325.80553,-0.676,-4743.61,3390540.08,1.0276899007253997,2.7069315228958764
325.80486,-0.6709,-4750.97,3390532.72,0.9472058780844764,2.879260299256734
325.80419,-0.6658,-4754.69,3390529.01,0.877719753773304,2.671973011114644
325.80352,-0.6607,-4761.61,3390522.09,0.80836505400678,2.3095854660944557
325.80285,-0.6557,-4765.89,3390517.81,0.6650777591340508,2.579533552396273
325.80218,-0.6506,-4769.97,3390513.73,0.5683804577335515,2.7664540534213167
325.80151,-0.6455,-4770.83,3390512.88,0.4581071285635558,2.6965493945983674
325.80084,-0.6404,-4770.68,3390513.03,0.3521493190474369,2.292428813365816
325.80017,-0.6354,-4770.42,3390513.29,0.2672785766438479,1.655277637946714
325.79949,-0.6303,-4771.82,3390511.89,0.260573188326232,1.3080502944944583
325.79882,-0.6252,-4774.12,3390509.59,0.1854910144111159,1.768840471082208
325.79816,-0.6201,-4777.53,3390506.18,0.0477812133370608,2.1491950685081256
325.79749,-0.615,-4777.32,3390506.39,0.1219416161002474,2.0990184718495986
325.79683,-0.61,-4775.81,3390507.9,0.2551072507400673,1.5580584274349147
325.79616,-0.6049,-4772.91,3390510.79,0.3330470436384015,1.2722685950199617
325.7955,-0.5998,-4770.75,3390512.95,0.3657531957487411,1.7117415120943336
325.79483,-0.5947,-4768.28,3390515.42,0.5698230603003709,2.3267895668094773
325.79417,-0.5896,-4765.05,3390518.65,0.3595677513429492,4.617053561135589
325.7935,-0.5846,-4760.41,3390523.29,0.4757155558641076,4.835493705670455
325.79284,-0.5795,-4749.06,3390534.64,0.5890079385254089,4.990982619065126
325.79217,-0.5744,-4781.1,3390502.6,0.6588206779922011,5.06639125601955
325.79151,-0.5693,-4748.8,3390534.9,0.701261009810342,5.213292521989438
325.79084,-0.5642,-4744.63,3390539.07,0.6364158415467995,5.641519541916437
325.79018,-0.5591,-4741.27,3390542.43,0.5188038148375584,6.196039991538536
325.78951,-0.5541,-4739.51,3390544.18,0.6460348165649941,5.967860073547263
325.78885,-0.549,-4740.81,3390542.88,0.6950195910713327,4.016435111342507
325.78818,-0.5439,-4744.93,3390538.76,1.1747429997650292,2.946762626826377
325.78752,-0.5388,-4751.83,3390531.86,1.4363103163082491,1.655754721774296
325.78686,-0.5337,-4758.88,3390524.81,1.5047931192646962,1.19699900237867
325.7862,-0.5286,-4762.5,3390521.19,1.466673709273394,1.4090579701018238
325.78553,-0.5235,-4769.72,3390513.97,1.387314579689622,1.360985471662126
325.78487,-0.5185,-4776.58,3390507.11,1.3170093647545464,1.2948563458290103
325.78421,-0.5134,-4783.28,3390500.4,1.0684356428354045,3.613857943156541
325.78354,-0.5083,-4786.55,3390497.13,0.6547346246549506,5.100274466372425
325.78288,-0.5032,-4791.24,3390492.44,0.3820773390202868,4.619425181746856
325.78222,-0.4981,-4784.75,3390498.92,0.3809315856493439,3.2838061677662824
325.78155,-0.493,-4780.84,3390502.83,0.3343284816128603,3.025715695041326
325.78089,-0.488,-4782.06,3390501.61,0.1358697355382036,3.213100847902481
325.78023,-0.4829,-4781.74,3390501.92,0.2084647643928067,1.871735562213652
325.77956,-0.4778,-4783.68,3390499.98,0.3223980519368849,1.2677503551807487
325.7789,-0.4727,-4788.12,3390495.53,0.3498191921279494,1.220118790607163
325.77823,-0.4676,-4789.21,3390494.44,0.3793118910139735,1.1159700214347896
325.77757,-0.4625,-4789.42,3390494.23,0.3916226511282431,1.207888751395059
325.77691,-0.4575,-4791.49,3390492.15,0.4417258934068375,1.4258608929179153
325.77624,-0.4524,-4794.26,3390489.38,0.5388576434309967,1.4559219363549183
325.77558,-0.4473,-4797.82,3390485.82,0.6490096839341574,0.9911889947457564
325.77492,-0.4422,-4800.56,3390483.07,0.6938812505819835,0.7132728964325515
325.77425,-0.4371,-4806.12,3390477.51,0.6247631504180722,0.945841064074754
325.77359,-0.432,-4809.34,3390474.29,0.5892891384738871,0.940437742743623
325.77289,-0.427,-4812.62,3390471.01,0.5512180529115338,0.912997338793122
325.77224,-0.4219,-4812.65,3390470.97,0.4975040646205063,0.6115290551072837
325.77159,-0.4168,-4817.15,3390466.47,0.4398888573085972,0.8788864600244642
325.77094,-0.4117,-4819.82,3390463.79,0.3750311660945538,1.7084727381720166
325.77028,-0.4066,-4822.87,3390460.73,0.3380721548904624,1.792483502418326
325.76963,-0.4015,-4822.87,3390460.73,0.3204448709783474,1.3366670367740188
325.76898,-0.3965,-4824.71,3390458.88,0.3191594145963793,1.1255068706074578
325.76833,-0.3914,-4824.82,3390458.77,0.3462328010921515,1.1873905565874925
325.76768,-0.3863,-4824.49,3390459.09,0.3631560494568371,1.2088298254948326
325.76703,-0.3812,-4823.9,3390459.67,0.3867325686527754,0.8144193168187205
325.76638,-0.3761,-4822.23,3390461.34,0.6005570655679385,2.5124992241159814
325.76572,-0.371,-4823.03,3390460.53,0.2694469275616925,9.254759246711272
325.76507,-0.366,-4824.06,3390459.49,0.244466152021405,9.667769785190716
325.76442,-0.3609,-4823.73,3390459.82,0.2522532578399517,10.01047946457563
325.76377,-0.3558,-4824.67,3390458.87,0.2478536038469001,10.018197273574144
325.76312,-0.3507,-4826.7,3390456.84,0.1887455758674488,9.952576056850532
325.76247,-0.3456,-4827.01,3390456.52,0.2099665250490913,8.576629033979229
325.76182,-0.3405,-4830.14,3390453.39,0.5959452951239945,1.6974671492418347
325.76117,-0.3354,-4830.83,3390452.69,0.431851868550116,1.1718697513823575
325.76051,-0.3304,-4833.26,3390450.25,0.5122509535316272,1.574407247617924
325.75988,-0.3253,-4833.21,3390450.3,0.5988035214749226,1.2754506195326805
325.75923,-0.3202,-4833.32,3390450.18,0.5992050461835724,1.3878870331255375
325.75858,-0.3151,-4834.5,3390448.99,0.549242004139753,1.7497825488320138
325.75793,-0.31,-4833.56,3390449.92,0.5476069441778386,2.0086890404471496
325.75729,-0.3049,-4834.27,3390449.2,0.5137117819597198,1.893650661458712
325.75664,-0.2999,-4833.62,3390449.85,0.4484206806178394,1.5744608922029413
325.75599,-0.2948,-4839.24,3390444.22,0.3342278569281173,1.2136942870069798
325.75534,-0.2897,-4839.97,3390443.48,0.1863264014441099,2.1493280251146265
325.75469,-0.2846,-4841.31,3390442.13,0.2435243754470162,2.0856947763010365
325.75404,-0.2795,-4840.13,3390443.3,0.2241967849226563,1.9647464156197492
325.75339,-0.2744,-4835.49,3390447.94,0.237605787134222,1.9133439169257491
325.75274,-0.2694,-4843.37,3390440.05,0.2316567758110851,1.817163584670655
325.75209,-0.2643,-4845.2,3390438.21,0.2960354919827605,1.7731978984449468
325.75145,-0.2592,-4846.39,3390437.01,0.380167903047967,1.8542344609835069
325.7508,-0.2541,-4847.02,3390436.37,0.4373409699827148,1.129747281420282
325.75015,-0.249,-4850.52,3390432.87,0.5205892978411314,1.0748872951693131
325.7495,-0.2439,-4854.03,3390429.35,0.5563703915907385,0.8915940491749537
325.74885,-0.2389,-4857.25,3390426.12,0.5293950422235207,0.8969316254824535
325.7482,-0.2338,-4860.76,3390422.6,0.4887130517886277,0.725192674357192
325.74755,-0.2287,-4861.6,3390421.75,0.4762424144607692,0.6743417812549791
325.74631,-0.2185,-4865.29,3390418.03,0.4909681555121223,1.4141771967741732
325.74564,-0.2134,-4868.7,3390414.62,0.5467488848261322,1.3056821840643815
325.74497,-0.2084,-4870.13,3390413.18,0.5312537639069925,1.3035499350966735
325.7443,-0.2033,-4873.67,3390409.63,0.4687127940484683,1.56545458868846
325.74363,-0.1982,-4875.56,3390407.72,0.3830671468050657,1.7548926644113128
325.74297,-0.1931,-4876.78,3390406.5,0.3332468062428172,1.5317080518985986
325.7423,-0.188,-4876.54,3390406.73,0.1554827375469242,1.1377960684137225
325.74163,-0.1829,-4877.41,3390405.85,0.0444130315242936,1.679067167245745
325.74096,-0.1778,-4878.85,3390404.39,0.0508664572674896,1.634425940501022
325.7403,-0.1727,-4878.07,3390405.17,0.0752254787430733,2.0398082160610174
325.73963,-0.1676,-4874.21,3390409.02,0.0533219927765721,2.1155617352154064
325.73896,-0.1626,-4877.56,3390405.66,0.1564857327297191,2.089032688687694
325.73762,-0.1524,-4879.89,3390403.31,0.2208980966736521,1.5018360420542292
325.73696,-0.1473,-4883.02,3390400.17,0.0911326069080093,1.3201915458671576
325.73629,-0.1422,-4882.42,3390400.76,0.2772793153531309,1.4538201935240505
325.73562,-0.1371,-4882.67,3390400.5,0.3672212667458566,1.8311237153501627
325.73495,-0.132,-4882.6,3390400.55,0.5512354041716434,1.5452579074232553
325.73428,-0.1269,-4880.67,3390402.48,0.6493144416485599,1.3993416659254418
325.7336,-0.1218,-4879.73,3390403.41,0.7691816166726853,1.0948124901318286
325.73293,-0.1167,-4876.72,3390406.41,0.8635428281100853,1.1593175748468072
325.73226,-0.1117,-4873.65,3390409.46,0.9347187838109332,1.0716323165592456
325.73159,-0.1066,-4869.16,3390413.94,1.0362730334435215,1.1386062962475707
325.73092,-0.1015,-4863.97,3390419.12,1.1030805287457994,0.9959475822311996
325.73025,-0.0964,-4861.59,3390421.49,1.1634445080409677,0.8711474502227843
325.72958,-0.0913,-4854.02,3390429.04,1.2202321515697203,0.8343264795520661
325.7289,-0.0862,-4848.59,3390434.46,1.220943518852781,1.1426947418967388
325.72823,-0.0811,-4842.43,3390440.61,1.2666251193393585,1.0303623436018514
325.72756,-0.076,-4836.69,3390446.34,1.2231417231576218,0.8551316391662609
325.72689,-0.0709,-4828.86,3390454.15,1.1921206373658972,1.068431440281404
325.72622,-0.0658,-4824.66,3390458.34,1.1441140425941627,1.0186727166337843
325.72555,-0.0608,-4819.46,3390463.53,1.142211432147097,1.3221662813826187
325.72488,-0.0557,-4816.1,3390466.88,1.1347297163760053,1.6413354636087223
325.72421,-0.0506,-4810.11,3390472.85,1.1742357060746087,1.5677653051523055
325.72354,-0.0455,-4801.01,3390481.94,1.1310858455539352,1.6075816289934153
325.72287,-0.0404,-4794.75,3390488.19,1.025133866264266,2.0928431336472446
325.7222,-0.0353,-4792.89,3390490.04,0.9240855188055902,2.768214472396184
325.72153,-0.0302,-4789.17,3390493.74,0.8298327944556196,3.182263309566151
325.72086,-0.0251,-4789.64,3390493.26,0.75378490899846,3.316366555121838
325.72017,-0.02,-4782.0,3390500.89,0.742220755679381,2.9046990486374167
325.7195,-0.0149,-4774.73,3390508.15,0.919448199911416,3.0990100864778767
325.71884,-0.0098,-4774.35,3390508.52,0.9579240955642324,2.883261230704453
325.71818,-0.0048,-4769.55,3390513.3,0.8221510225649524,3.11887851255305
325.71751,0.0002,-4759.62,3390523.22,0.6872993317036493,3.288016438365666
325.71685,0.0053,-4762.28,3390520.54,0.5385246033613776,3.477726199250967
325.71618,0.0104,-4760.26,3390522.55,0.2326424598504927,4.357016164532281
325.71552,0.0155,-4759.32,3390523.48,0.3330749659228766,3.4269454285087027
325.71485,0.0205,-4759.91,3390522.87,0.8161174343936948,6.357369868022039
325.71419,0.0256,-4766.87,3390515.9,2.0075061277402817,12.314946252401384
325.71352,0.0307,-4771.22,3390511.53,3.118480215991457,13.358784310010538
325.71286,0.0358,-4775.92,3390506.82,3.0989200234823397,13.377905750775676
325.71219,0.0408,-4781.35,3390501.38,2.854476108551759,16.844446170670658
325.71153,0.0459,-4778.19,3390504.52,2.458455259613077,20.231872707388625
325.71086,0.051,-4727.09,3390555.61,2.351332103949144,19.848197445240142
325.7102,0.0561,-4765.47,3390517.21,2.3343668913744287,17.342747900163896
325.70954,0.0611,-4785.19,3390497.48,2.2079301499454997,14.846961245519354
325.70887,0.0662,-4788.48,3390494.18,2.3045404370855063,12.52993499534054
325.70821,0.0713,-4795.77,3390486.87,1.9540569090041904,9.595227149808665
325.70754,0.0764,-4807.06,3390475.57,2.2984664205386878,10.259615616704462
325.70689,0.0814,-4827.58,3390455.04,3.2977764763235955,6.187367243249094
325.70623,0.0865,-4838.64,3390443.96,3.51478556556107,4.867856897575318
325.70556,0.0916,-4854.75,3390427.84,3.255926215578288,3.1139158260517883
325.7049,0.0967,-4870.54,3390412.03,3.0561771131223026,2.1012293488628013
325.70424,0.1017,-4887.12,3390395.44,2.996006028538988,1.7075419587570928
325.70358,0.1068,-4900.91,3390381.63,2.8019064273673107,1.961394457784007
325.70291,0.1119,-4915.69,3390366.83,2.4702064645821853,3.535107025356332
325.70225,0.117,-4929.62,3390352.89,2.185598406349727,3.12940541313389
325.70159,0.122,-4940.03,3390342.46,1.9987210028651088,2.6814233201337423
325.70092,0.1271,-4942.6,3390339.88,1.802770913230117,2.2811526589221067
325.70026,0.1322,-4958.86,3390323.6,1.6150422679460694,2.254306917516729
325.6996,0.1373,-4965.34,3390317.11,1.3823245996292084,3.4184250087354995
325.69893,0.1423,-4972.09,3390310.34,1.216153259841911,4.14629121760911
325.69827,0.1474,-4977.63,3390304.79,0.8743245010530688,2.890719500701736
325.69761,0.1525,-4982.21,3390300.19,0.8386708227794222,2.7678107268733165
325.69695,0.1576,-4985.78,3390296.6,0.8018757006584128,2.7780882689147144
325.69628,0.1626,-4982.71,3390299.66,0.8239462371074026,2.767546095047014
325.69562,0.1677,-4992.44,3390289.91,0.7030387691567073,2.719158190157412
325.69496,0.1728,-4994.49,3390287.85,0.5676545929663812,1.80898746780088
325.69429,0.1779,-4997.83,3390284.49,0.4395515035057492,2.362100566522916
325.69365,0.1829,-4998.6,3390283.7,0.2211785719713889,1.3939993453409076
325.69298,0.188,-4999.99,3390282.29,0.1266712825266667,1.1200289412842477
