long_east_deg,lat_north_deg,altitude_m,radius_m,slope_deg,roughness_rms_m,label,mission
301.29858,-13.0022,-1520.94,3393257.74,29.839644805585092,75.12804344014238,-1,
301.2979,-13.0073,-1482.97,3393294.95,31.60254201310177,76.67288988843438,-1,
301.29721,-13.0124,-1511.77,3393265.39,32.573097017639675,79.08976790300878,-1,
301.29653,-13.0176,-1619.14,3393157.26,33.133334096131705,80.00583914918576,-1,
301.29584,-13.0227,-1787.83,3392987.81,33.206732202161,48.56559966254898,-1,
301.29516,-13.0278,-1982.67,3392792.21,32.61581809928451,24.95553374064333,-1,
301.29448,-13.0329,-2153.63,3392620.49,31.96718625585879,20.169799087638573,-1,
301.2938,-13.038,-2317.91,3392455.45,30.70813205237972,19.836204387755703,-1,
301.29312,-13.0431,-2481.8,3392290.8,29.45226331214116,16.64563458611173,-1,
301.29243,-13.0482,-2642.36,3392129.48,27.780910351540367,21.07697170554632,-1,
301.29175,-13.0533,-2793.44,3391977.64,25.35326692575653,35.26012916547902,-1,
301.29107,-13.0585,-2943.72,3391826.6,22.126653853568804,39.52395573734654,-1,
301.29038,-13.0636,-3052.95,3391716.61,18.665737763576587,31.77930416539757,-1,
301.2897,-13.0687,-3126.45,3391642.35,16.216388319599304,27.138245179258927,-1,
301.28902,-13.0738,-3218.68,3391549.36,13.819777128998645,21.62222805818781,-1,
301.28833,-13.0789,-3291.22,3391476.06,13.126775635182886,20.72790253734821,-1,
301.28765,-13.084,-3330.76,3391435.76,13.287734308138212,21.08635991271649,-1,
301.28696,-13.0891,-3350.58,3391415.18,13.140477831898824,20.012974826584077,-1,
301.28628,-13.0943,-3429.66,3391335.34,12.702829859216202,21.4616412639588,-1,
301.28491,-13.1045,-3609.28,3391154.22,11.231899577722029,31.147668026202957,-1,
301.28423,-13.1096,-3660.51,3391102.23,9.566098545070586,28.096184935341174,-1,
301.28354,-13.1147,-3751.04,3391010.95,7.908978596495298,17.443078566499505,-1,
301.28286,-13.1198,-3795.63,3390965.61,7.581833392465525,18.828806526109208,-1,
301.28217,-13.1249,-3821.19,3390939.3,7.185215381421064,15.764029343358336,-1,
301.28149,-13.1301,-3854.53,3390905.2,7.15238878179894,15.95207397000329,-1,
301.2808,-13.1352,-3870.73,3390888.25,9.328610414013522,36.409500468828014,-1,
301.28012,-13.1403,-3907.86,3390850.37,12.601585439677196,39.290797541826194,-1,
301.25681,-13.3142,-4994.04,3389738.75,2.186720602025317,3.050163969838718,-1,
301.25612,-13.3193,-5004.67,3389727.38,1.746691318834522,2.853627752071673,-1,
301.25475,-13.3296,-5021.66,3389708.91,0.7117014977961108,7.670191931445022,-1,
301.25406,-13.3347,-5028.45,3389701.38,0.3023339179381982,6.471426146791948,-1,
301.25338,-13.3398,-5019.04,3389710.05,0.2942905766734259,4.336049904620698,-1,
301.25269,-13.3449,-5011.63,3389716.72,0.3559710358545553,4.11312574386553,-1,
301.252,-13.35,-5013.23,3389714.38,0.3871588312442493,4.3806442477019605,-1,
301.25132,-13.3551,-5015.75,3389711.12,0.5940729654565923,6.374663623828068,-1,
301.25063,-13.3603,-5018.88,3389707.25,1.261484542290645,10.304854366657302,-1,
301.24994,-13.3654,-5011.1,3389714.29,2.567062805285261,13.128678936787937,-1,
301.24926,-13.3705,-4993.83,3389730.82,4.068885599344369,15.271081926150083,-1,
301.24857,-13.3756,-4968.79,3389755.12,5.58550933537642,13.883004381827172,-1,
301.24788,-13.3807,-4929.62,3389793.55,6.704835666247093,10.052680043859487,-1,
301.24719,-13.3858,-4887.23,3389835.2,7.204818305939642,5.943163813150947,-1,
301.24651,-13.391,-4843.76,3389877.93,7.0244937206898,7.69795689138068,-1,
301.24582,-13.3961,-4807.81,3389913.14,8.106229943690135,21.969946009680047,-1,
301.24513,-13.4012,-4778.32,3389941.89,9.557714688615924,29.92737511120429,-1,
301.24445,-13.4063,-4758.56,3389960.91,11.068015739976628,31.730743834638638,-1,
301.24377,-13.4114,-4640.16,3390078.57,11.531853873478973,30.158321893742468,-1,
301.24309,-13.4166,-4555.08,3390162.92,10.374720187728617,36.79842189209744,-1,
301.24241,-13.4217,-4527.07,3390190.2,7.94497222201544,46.18049533427924,-1,
301.24173,-13.4268,-4509.8,3390206.73,4.835076526759383,29.928337220998664,-1,
301.24105,-13.4319,-4496.73,3390219.07,3.735618643675153,17.61148446410745,-1,
301.24037,-13.437,-4520.14,3390194.93,3.889780429784292,15.411754514877943,-1,
301.23969,-13.4421,-4535.57,3390178.76,4.482591290481845,10.631355092668615,-1,
301.23901,-13.4473,-4555.05,3390158.55,4.334820973754213,10.97841806889674,-1,
301.23834,-13.4524,-4573.47,3390139.4,4.557014405431325,14.172054709285913,-1,
301.19117,-13.8055,-4825.59,3389837.5,5.535561982222768,8.618283321306544,-1,
301.19048,-13.8106,-4821.88,3389840.5,5.443063660274484,15.92672139818952,-1,
301.18912,-13.8208,-4856.47,3389804.5,5.271016769198176,19.564822507059677,-1,
301.18844,-13.826,-4887.89,3389772.37,6.175889280998913,21.08739300475584,-1,
301.18708,-13.8362,-4891.26,3389767.59,7.205067899179612,18.94165066910097,-1,
301.1864,-13.8413,-4902.85,3389755.29,6.935259858002821,24.652325880455365,-1,
301.18572,-13.8465,-4890.49,3389766.95,6.329793576784721,25.85185124984925,-1,
301.18504,-13.8516,-4881.13,3389775.6,4.458429286604306,18.847694442626374,-1,
301.18436,-13.8567,-4842.81,3389813.22,2.559042921746593,11.817537196567203,-1,
301.18368,-13.8618,-4837.2,3389818.12,2.689819608054178,13.110702784201704,-1,
301.183,-13.867,-4834.27,3389820.35,4.82401267645393,16.137287068607336,-1,
301.18232,-13.8721,-4851.56,3389802.35,3.972675471236972,16.10426046077676,-1,
301.18164,-13.8772,-4798.85,3389854.36,5.300734705469603,15.38597163701698,-1,
301.18096,-13.8823,-4772.28,3389880.22,3.5031989565842223,17.559096930474123,-1,
301.18028,-13.8875,-4797.42,3389854.38,2.995008202872747,17.740460470304463,-1,
301.1796,-13.8926,-4794.19,3389856.9,1.799561871812642,15.1178539569605,-1,
301.17892,-13.8977,-4807.9,3389842.48,3.671088880416106,19.82760979167325,-1,
301.17824,-13.9028,-4789.15,3389860.53,3.4078749512194264,17.065780894193654,-1,
301.17756,-13.908,-4772.41,3389876.56,3.187584972805739,16.681978587437815,-1,
301.17688,-13.9131,-4714.65,3389933.62,3.160235843414423,19.05178789926213,-1,
301.1762,-13.9182,-4725.24,3389922.33,2.962938658384464,20.12569075992033,-1,
301.17552,-13.9233,-4741.5,3389905.37,3.6842479548366622,21.85868978026419,-1,
301.17484,-13.9285,-4716.1,3389930.07,3.7410527177422095,21.55006172096452,-1,
301.17416,-13.9336,-4703.93,3389941.54,5.641573523132389,21.099393705121948,-1,
301.17348,-13.9387,-4665.28,3389979.49,8.377749822841988,15.344244795982512,-1,
301.14656,-14.1383,-3339.43,3391278.35,6.263862857767182,14.033330124942246,-1,
301.14586,-14.1434,-3280.35,3391336.74,5.8392016648731655,14.760006551284189,-1,
301.14516,-14.1485,-3282.38,3391334.04,4.674477779689446,27.897827423657247,-1,
301.14447,-14.1537,-3277.67,3391338.07,5.430241429854751,11.888965707063502,-1,
301.14377,-14.1588,-3268.34,3391346.72,4.742167766566525,8.624056154601545,-1,
301.14308,-14.1639,-3262.09,3391352.28,5.092980186765444,8.806758910240545,-1,
301.14238,-14.169,-3245.3,3391368.39,4.94035572100168,7.263559627982603,-1,
301.14168,-14.1741,-3215.59,3391397.42,4.959524455361144,7.182068964429667,-1,
301.14099,-14.1792,-3219.43,3391392.9,4.865011976103284,6.989187198809956,-1,
301.14029,-14.1843,-3213.04,3391398.6,4.8124758914902,8.465877594173,-1,
301.13959,-14.1894,-3193.19,3391417.77,5.282506997026344,12.459551303404425,-1,
301.1389,-14.1946,-3178.73,3391431.55,5.939493594208404,11.171197461839045,-1,
301.1382,-14.1997,-3143.0,3391466.61,6.706913213658793,9.042370382877523,-1,
301.1375,-14.2048,-3107.44,3391501.48,5.972981683506226,8.191301474483966,-1,
301.1368,-14.2099,-3072.91,3391535.33,6.465899496558259,4.878898988953626,-1,
301.13611,-14.215,-3036.8,3391570.76,6.868866289118023,5.993436536941942,-1,
301.13541,-14.2201,-3013.39,3391593.49,7.386203448539232,8.89223675760791,-1,
301.13472,-14.2252,-2969.21,3391636.99,7.939932840515361,12.69971460269119,-1,
301.13405,-14.2304,-2920.53,3391684.99,9.683479980585266,16.806393633650508,-1,
301.13337,-14.2355,-2869.07,3391735.77,10.826352232839948,9.62162309540838,-1,
301.13202,-14.2457,-2729.04,3391874.45,12.794342325049374,20.71937190300598,-1,
301.13135,-14.2509,-2678.58,3391924.23,13.048101598403097,20.208119563203592,-1,
301.13067,-14.256,-2610.0,3391992.13,13.939154470762276,21.59402140009271,-1,
301.13,-14.2611,-2528.21,3392073.24,15.776372599038378,30.401589905416717,-1,
301.12933,-14.2663,-2452.61,3392148.17,17.669780417900668,35.535362348814786,-1,
301.12865,-14.2714,-2343.39,3392256.71,20.71665517323185,37.65629420742666,-1,
301.10491,-14.4509,1796.39,3396372.95,27.67758560006227,7.807961935275551,-1,
301.10421,-14.456,1931.24,3396507.14,29.06784227811955,11.58828606963726,-1,
301.10351,-14.4612,2069.76,3396645.0,30.41733617815642,15.718381755328972,-1,
301.10281,-14.4663,2212.24,3396786.82,30.809704127513186,13.970588576081475,-1,
301.10211,-14.4714,2374.3,3396948.21,30.45841231359157,17.84807929755312,-1,
301.10141,-14.4765,2571.26,3397144.51,28.40165435071464,46.12620052459344,-1,
301.10071,-14.4817,2717.59,3397290.18,24.696561084230627,67.47700771822862,-1,
301.10001,-14.4868,2805.33,3397377.26,21.82876191824076,65.306474229052,-1,
301.09931,-14.4919,2812.81,3397384.07,17.975339331645735,53.0514163882606,-1,
301.09861,-14.497,2848.5,3397419.1,14.466656563366524,38.960582615918206,-1,
301.771,-13.0036,-1701.18,3393065.38,15.985635913078294,33.372449196942945,-1,
301.77031,-13.0087,-1776.79,3392989.0,14.114621439842162,35.30231024723232,-1,
301.76962,-13.0139,-1835.48,3392929.53,13.054049172099884,36.02088173964651,-1,
301.76822,-13.024,-1957.97,3392805.5,10.24059119675073,13.743428790870688,-1,
301.76754,-13.0292,-2008.37,3392754.33,9.318578725494516,8.58492344889083,-1,
301.76687,-13.0343,-2053.31,3392708.62,8.469217070527153,7.320023021119012,-1,
301.76619,-13.0394,-2094.7,3392666.45,7.957301020461355,6.145414061247573,-1,
301.76552,-13.0445,-2132.73,3392627.65,7.693626274555792,5.208175579800848,-1,
301.76484,-13.0496,-2173.43,3392586.18,7.55532201372595,4.8510969508812405,-1,
301.76417,-13.0548,-2210.71,3392548.13,7.715004464650942,5.067461449109357,-1,
301.76282,-13.065,-2298.37,3392458.93,7.915170839395666,7.687919769771645,-1,
301.76214,-13.0701,-2336.43,3392420.1,7.650539381663647,6.009334411867229,-1,
301.76147,-13.0752,-2367.04,3392388.71,7.295283606863951,7.7806638535349455,-1,
301.76079,-13.0804,-2405.81,3392349.17,7.051659637437195,14.29835833545917,-1,
301.76012,-13.0855,-2439.02,3392315.19,7.17661815662392,21.592571665092727,-1,
301.75944,-13.0906,-2451.22,3392302.22,7.740483070529017,24.65411067877904,-1,
301.75877,-13.0957,-2436.73,3392315.94,8.740262059731453,25.745816800339394,-1,
301.75809,-13.1008,-2408.47,3392343.43,11.00154615230758,44.86022377377683,-1,
301.75741,-13.106,-2399.81,3392351.32,11.845074504020458,43.33253427555062,-1,
301.75674,-13.1111,-2378.24,3392372.11,12.108722150949289,35.30000565291507,-1,
301.75605,-13.1162,-2243.16,3392506.42,15.374111741173929,36.769647937398965,-1,
301.75538,-13.1213,-2281.74,3392467.07,15.946883330608753,36.32686177524912,-1,
301.75472,-13.1265,-2256.32,3392491.73,8.062471581147822,66.3712618959946,-1,
301.75405,-13.1316,-2199.13,3392548.16,6.766743224116516,61.61041790233919,-1,
301.75338,-13.1367,-2260.28,3392486.24,12.461585356938803,70.54391607606183,-1,
301.75271,-13.1418,-2395.88,3392349.87,18.2673014910822,51.70774417018383,-1,
301.75204,-13.147,-2500.24,3392244.75,22.162456326589684,34.19986830566592,-1,
301.75137,-13.1521,-2630.43,3392113.79,21.178277948773,50.05628196796509,-1,
301.7507,-13.1572,-2725.2,3392018.25,20.29150473740973,42.26450095464518,-1,
301.75003,-13.1623,-2751.27,3391991.42,19.656198773352376,51.61811263412515,-1,
301.74935,-13.1675,-2727.08,3392014.84,18.506181529004643,63.38344720547512,-1,
301.74868,-13.1726,-2837.09,3391904.06,20.362195903916245,68.82229433477177,-1,
301.74801,-13.1777,-2998.41,3391741.98,24.000602719899668,50.382356611106495,-1,
301.74735,-13.1828,-3170.35,3391569.27,26.897117745761637,11.14626729660093,-1,
301.74668,-13.1879,-3314.73,3391424.12,27.043114966932528,8.877735683257594,-1,
301.74601,-13.1931,-3469.01,3391269.08,25.95958945601928,11.635685510984988,-1,
301.74534,-13.1982,-3612.0,3391125.32,23.96471215937004,18.49746305531903,-1,
301.74467,-13.2033,-3755.31,3390981.24,21.17839777900468,32.59389360040374,-1,
301.744,-13.2084,-3871.32,3390864.47,17.40049335923703,41.64254050975993,-1,
301.74333,-13.2135,-3956.64,3390778.38,14.29281695960111,36.81078841236579,-1,
301.74266,-13.2187,-4005.28,3390728.97,14.185274030740072,42.90068170050144,-1,
301.74199,-13.2238,-4036.46,3390697.03,16.757030068050152,61.21086039215314,-1,
301.74136,-13.2289,-4086.15,3390646.57,19.874451746943265,58.87106395212964,-1,
301.74067,-13.234,-4254.72,3390477.24,22.001942094854847,42.31880354971527,-1,
301.74,-13.2392,-4454.33,3390276.87,21.74069043239319,44.75695704959277,-1,
301.73931,-13.2443,-4577.4,3390153.04,18.956844083090346,60.423070974591056,-1,
301.73863,-13.2494,-4651.44,3390078.24,13.857680513587818,52.61914317481136,-1,
301.73794,-13.2545,-4685.81,3390043.12,9.37254367963642,27.26536326322177,-1,
301.73726,-13.2596,-4724.12,3390004.05,7.12959372529751,10.426436192026925,-1,
301.73657,-13.2648,-4756.19,3389971.22,6.146933634554326,3.139665413221824,-1,
301.73589,-13.2699,-4786.43,3389940.22,5.7200232440579954,4.6417543327609065,-1,
301.7352,-13.275,-4820.79,3389905.1,5.073429040556841,5.9625791680076485,-1,
301.73452,-13.2801,-4846.14,3389878.99,4.390014644029253,7.429749083166245,-1,
301.73383,-13.2852,-4864.29,3389860.08,3.561902962878501,7.878782310944036,-1,
301.73315,-13.2903,-4881.71,3389841.9,2.944503825922067,5.062276667661792,-1,
301.73246,-13.2955,-4897.37,3389825.48,2.486583018263962,3.452626633251726,-1,
301.73178,-13.3006,-4902.11,3389819.98,2.2473988845977853,2.4055729080120427,-1,
301.73109,-13.3057,-4916.55,3389804.79,2.073708609595116,1.8699560517671037,-1,
301.73041,-13.3108,-4927.89,3389792.69,1.992119873166915,2.0555092497797145,-1,
301.72972,-13.3159,-4938.72,3389781.1,2.083130347230526,1.3948434924832571,-1,
301.72903,-13.3211,-4949.45,3389769.61,2.044308948421106,1.6751192132477253,-1,
301.72835,-13.3262,-4958.14,3389760.16,2.1274105962133905,2.212190309255865,-1,
301.72765,-13.3313,-4969.7,3389747.85,2.0448031212368902,1.7358673912026756,-1,
301.72696,-13.3364,-4983.32,3389733.48,1.924606386065596,2.1959854830388377,-1,
301.72627,-13.3415,-4994.5,3389721.54,1.882936370838488,2.3999419994565843,-1,
301.72558,-13.3466,-5001.12,3389714.17,1.878950826075182,2.1004295524074705,-1,
301.72489,-13.3518,-5007.22,3389707.32,1.8600015934702487,2.0250311248365414,-1,
301.7242,-13.3569,-5021.31,3389692.48,1.8840596305717463,1.982378579366104,-1,
301.72351,-13.362,-5033.57,3389679.46,1.9298313243745917,1.6565159912732523,-1,
301.72282,-13.3671,-5043.23,3389669.05,1.9659330773021824,1.7550099110308806,-1,
301.72214,-13.3722,-5051.32,3389660.21,1.8526269793921155,1.1732643229924125,-1,
301.72145,-13.3774,-5060.48,3389650.3,1.732422954085025,1.397643027668212,-1,
301.72076,-13.3825,-5073.49,3389636.53,1.6409168443030917,1.6480254770239944,-1,
301.72007,-13.3876,-5081.25,3389628.02,1.6615816918002042,1.7684796564362706,-1,
301.71938,-13.3927,-5086.69,3389621.83,1.6376232128400663,1.6957579086304673,-1,
301.71869,-13.3978,-5094.43,3389613.34,1.3779076303062827,3.0695578108660158,-1,
301.718,-13.4029,-5106.58,3389600.43,1.346483674850585,3.1253041384255984,-1,
301.71731,-13.4081,-5115.37,3389590.89,1.3404951157871674,3.2438303654846075,-1,
301.71662,-13.4132,-5111.48,3389594.03,1.2130631673267096,3.103256778699385,-1,
301.71594,-13.4183,-5124.86,3389579.9,1.0434034850556737,2.6684248283324803,-1,
301.71525,-13.4234,-5132.23,3389571.77,1.0390843557566816,2.685899542665525,-1,
301.71456,-13.4285,-5133.84,3389569.41,1.078982577971724,2.468436087517223,-1,
301.71386,-13.4337,-5139.38,3389563.13,0.8669517431434108,0.9834142405577512,-1,
301.71318,-13.4388,-5145.25,3389556.51,0.8015829158515984,1.070603714306372,-1,
301.71249,-13.4439,-5149.6,3389551.42,0.7840616489815972,1.2409267115266207,-1,
301.7118,-13.449,-5152.44,3389547.83,0.6870442889208608,1.10883763498599,-1,
301.71111,-13.4541,-5155.38,3389544.14,0.5020805613870598,1.5365779988682189,-1,
301.71042,-13.4592,-5157.72,3389541.06,0.5257163293250218,1.603197886222544,-1,
301.70974,-13.4644,-5162.35,3389535.68,0.5177858999695427,1.960071443079052,-1,
301.70905,-13.4695,-5159.63,3389537.66,0.5272894212295284,1.707946104598295,-1,
301.70836,-13.4746,-5168.59,3389527.95,0.4480752897893821,1.866575522928664,-1,
301.70767,-13.4797,-5166.82,3389528.97,0.2343730946281779,2.7728756357741866,-1,
301.70699,-13.4848,-5169.82,3389525.23,0.1877197585287452,2.5673592761601776,-1,
301.7063,-13.49,-5170.31,3389523.99,0.0774726026994809,1.1893689045651503,-1,
301.70561,-13.4951,-5167.56,3389525.99,0.0986633569995688,1.2127772119371247,-1,
301.70492,-13.5002,-5167.81,3389525.0,0.240846906441823,0.6254856216150473,-1,
301.70423,-13.5053,-5167.16,3389524.9,0.2734098727896396,0.5675059196536758,-1,
301.70355,-13.5104,-5165.66,3389525.66,0.3022721659692938,0.6552265200415253,-1,
301.70286,-13.5155,-5163.53,3389527.04,0.5124665968008206,1.8491581061600388,-1,
301.70217,-13.5207,-5162.27,3389527.55,0.634744417163284,2.1450875214054284,-1,
301.70148,-13.5258,-5160.19,3389528.89,0.5769503117171,3.4340150232163884,-1,
301.70079,-13.5309,-5161.68,3389526.65,0.3884392531118624,4.259122855664429,-1,
301.69873,-13.5463,-5155.66,3389530.45,0.2509366958890637,3.026066070216881,-1,
301.69804,-13.5514,-5153.18,3389532.19,0.2649347790261667,1.7325591344805655,-1,
301.69736,-13.5565,-5151.23,3389533.4,0.4797170318884585,1.7645430108746585,-1,
301.69667,-13.5616,-5150.94,3389532.95,0.635774618732287,2.5022474392953504,-1,
301.69598,-13.5667,-5145.67,3389537.48,0.6615077275989326,2.240560436683781,-1,
301.69529,-13.5718,-5141.35,3389541.07,0.7048352191772876,2.189816188384948,-1,
301.6946,-13.577,-5130.36,3389551.32,0.7496675489865664,2.1716758452582265,-1,
301.69392,-13.5821,-5135.5,3389545.44,0.74350006560814,2.217556643667633,-1,
301.69323,-13.5872,-5130.21,3389549.99,0.8518851395567499,2.360825411516024,-1,
301.69254,-13.5923,-5125.42,3389554.04,0.9745344565077926,2.754486981772194,-1,
301.69185,-13.5974,-5119.42,3389559.3,1.2054338161789862,1.3414271648298493,-1,
301.69116,-13.6025,-5113.12,3389564.87,1.318473298291883,1.3931133413282917,-1,
301.69048,-13.6077,-5104.78,3389572.47,1.462077198903916,1.1943443369561937,-1,
301.68979,-13.6128,-5097.66,3389578.85,1.6652608783013334,2.1072987328424606,-1,
301.6891,-13.6179,-5089.57,3389586.2,2.180956365567969,5.6337095983346135,-1,
301.68841,-13.623,-5080.87,3389594.16,2.978451787100469,8.362663457055579,-1,
301.68772,-13.6281,-5064.98,3389609.31,3.944822557593681,8.697718326370223,-1,
301.68703,-13.6333,-5043.85,3389629.7,4.9200604242347135,7.81251442652106,-1,
301.68633,-13.6384,-5019.05,3389653.77,5.734446199741319,7.1097282257110415,-1,
301.68565,-13.6435,-4987.29,3389684.8,6.141468978466931,6.816751944677183,-1,
301.68496,-13.6486,-4951.6,3389719.76,6.458153363645535,5.779502495789335,-1,
301.68428,-13.6537,-4911.77,3389758.85,6.475441164003924,5.237832254503759,-1,
301.68359,-13.6589,-4879.46,3389790.43,7.396081715999053,20.32339930311346,-1,
301.68291,-13.664,-4855.31,3389813.85,10.314733254958412,39.83451236286491,-1,
301.68223,-13.6691,-4833.79,3389834.64,13.5073030667013,49.23948021300418,-1,
301.68154,-13.6742,-4726.17,3389941.53,16.622560740014052,51.08311699709804,-1,
301.68085,-13.6793,-4630.61,3390036.36,19.21681443003385,38.45712308745408,-1,
301.68016,-13.6844,-4479.26,3390186.98,18.69480184341729,44.93887992927556,-1,
301.67948,-13.6896,-4354.03,3390311.47,14.26472464949667,62.40080207603332,-1,
301.67879,-13.6947,-4290.2,3390374.57,10.157480778648708,53.60115106357681,-1,
301.67811,-13.6998,-4312.16,3390351.88,6.046471212339807,35.241650473351825,-1,
301.67742,-13.7049,-4338.2,3390325.11,5.617235381278636,27.9970441986833,-1,
301.67674,-13.71,-4265.21,3390397.37,9.266140845065271,41.595380706063146,-1,
301.67606,-13.7151,-4308.04,3390353.81,13.4157639634958,56.32443293087913,-1,
301.67537,-13.7203,-4377.52,3390283.6,16.30513026970454,49.39256456991098,-1,
301.67469,-13.7254,-4482.26,3390178.12,17.25916041582436,30.309815420342705,-1,
301.67401,-13.7305,-4605.59,3390054.06,18.608967360091174,20.985085165390544,-1,
301.67333,-13.7356,-4710.98,3389947.94,18.507960126707623,27.331633829784643,-1,
301.67266,-13.7407,-4778.3,3389879.89,16.610138185732715,37.13926154830081,-1,
301.67198,-13.7458,-4866.58,3389790.89,14.258357845896862,43.049760970463744,-1,
301.6713,-13.751,-4910.77,3389745.97,11.109222655006866,40.02556560610456,-1,
301.67061,-13.7561,-4938.59,3389717.43,10.268345527632505,41.79985745618559,-1,
301.66993,-13.7612,-4971.84,3389683.45,7.947408582535321,28.064452350193672,-1,
301.66925,-13.7663,-5020.31,3389634.26,6.312538057667308,6.691416958828904,-1,
301.66857,-13.7714,-5053.25,3389600.6,5.53261981770687,10.149470911505643,-1,
301.66789,-13.7765,-5079.34,3389573.78,4.584902302646529,10.743118208715597,-1,
301.6672,-13.7817,-5096.47,3389555.93,3.592446669377318,5.907855237235021,-1,
301.66652,-13.7868,-5111.56,3389540.11,2.874667222379289,4.387708508737139,-1,
301.66584,-13.7919,-5126.0,3389524.95,2.186262657755632,5.093333163006776,-1,
301.66516,-13.797,-5140.11,3389510.11,1.2638566975641996,9.163899066016848,-1,
301.66447,-13.8021,-5147.33,3389502.17,0.9126405581225292,7.633481103815447,-1,
301.66379,-13.8072,-5146.89,3389501.88,0.8658446439449979,7.215281815242278,-1,
301.66311,-13.8124,-5130.79,3389517.26,0.823872843770151,7.054329087305987,-1,
301.66243,-13.8175,-5150.87,3389496.46,1.0885395435190195,7.216914411030939,-1,
301.66174,-13.8226,-5165.86,3389480.74,1.415887661154411,5.947960454310016,-1,
301.66106,-13.8277,-5166.92,3389478.96,1.3479765887604265,6.441985530766496,-1,
301.66038,-13.8328,-5177.3,3389467.85,0.8113866367992735,4.418778852977449,-1,
301.65969,-13.8379,-5181.31,3389463.12,0.4730867887237638,3.377644755143739,-1,
301.65901,-13.8431,-5174.05,3389469.66,0.4942503708319439,3.411530988775887,-1,
301.65833,-13.8482,-5181.94,3389461.05,0.3521899983051889,2.854861006434485,-1,
301.65764,-13.8533,-5179.94,3389462.33,0.4934902365658221,2.9437890772250848,-1,
301.65696,-13.8584,-5187.91,3389453.64,0.7480354013905764,1.4422368632191531,-1,
301.65628,-13.8635,-5189.61,3389451.23,0.5760218062527905,1.840168054197874,-1,
301.6556,-13.8686,-5194.28,3389445.84,0.4348857630006701,2.861897520978845,-1,
301.65491,-13.8738,-5197.63,3389441.77,0.4347660096177612,2.861723969420523,-1,
301.65423,-13.8789,-5195.66,3389443.02,0.5469153912578495,3.176311873723243,-1,
301.65355,-13.884,-5192.75,3389445.22,0.6190071428066073,3.260749633887907,-1,
301.65287,-13.8891,-5205.7,3389431.55,0.6897588880920764,3.025835063174303,-1,
301.65218,-13.8942,-5210.22,3389426.31,0.7097473000568655,2.8955305194424,-1,
301.6515,-13.8994,-5212.68,3389423.13,0.5114233531355684,3.942751217553112,-1,
301.65082,-13.9045,-5215.07,3389420.03,0.2216017907655354,2.039526301598485,-1,
301.65014,-13.9096,-5215.15,3389419.23,0.1392110322036643,1.6963499074295962,-1,
301.64945,-13.9147,-5210.78,3389422.88,0.163632091956156,1.3070498720708308,-1,
301.64877,-13.9198,-5213.6,3389419.34,0.2385275930659993,1.1861112638055669,-1,
301.64809,-13.925,-5212.38,3389419.85,0.2262271611489729,1.2303910309742172,-1,
301.64741,-13.9301,-5210.44,3389421.07,0.1822372320188766,1.2524547233008063,-1,
301.64672,-13.9352,-5207.63,3389423.16,0.1326944879113137,2.2306623316446776,-1,
301.64604,-13.9403,-5208.58,3389421.49,0.1441314099511587,2.6509200368335297,-1,
301.64536,-13.9454,-5206.94,3389422.42,0.2653900900918613,3.499839416746364,-1,
301.64468,-13.9506,-5204.67,3389423.98,0.6144557303072081,4.466915291570089,-1,
301.64399,-13.9557,-5206.33,3389421.6,0.8458293865263499,3.729708670187039,-1,
301.64331,-13.9608,-5201.84,3389425.38,0.9518855164567354,3.413719848685681,-1,
301.64263,-13.9659,-5192.24,3389434.27,0.9557276689383988,3.8085136266194,-1,
301.64195,-13.971,-5183.08,3389442.72,0.8886254326245675,4.164625642218108,-1,
301.64126,-13.9761,-5180.9,3389444.19,0.7505667743682836,3.869550572971902,-1,
301.64058,-13.9813,-5180.13,3389444.25,0.6373180109140373,2.326447477204129,-1,
301.6399,-13.9864,-5178.93,3389444.74,0.6659674611919663,2.4656590267322485,-1,
301.63921,-13.9915,-5180.31,3389442.65,1.123068059273964,4.643739502650503,-1,
301.63853,-13.9966,-5174.78,3389447.47,1.635151806229034,4.928987816168265,-1,
301.63785,-14.0017,-5171.49,3389450.05,2.555582631357289,6.558098963300755,-1,
301.63717,-14.0069,-5156.98,3389463.85,3.889279017443883,9.152278851025551,-1,
301.63648,-14.012,-5147.15,3389472.97,4.153162975912252,9.129708013884596,-1,
301.6358,-14.0171,-5119.84,3389499.57,3.005310162308092,17.529866366705168,-1,
301.63512,-14.0222,-5080.79,3389537.92,1.867978006299577,20.10411105122608,-1,
301.63443,-14.0273,-5111.37,3389506.62,1.6939567613794784,19.31187291294646,-1,
301.63375,-14.0325,-5151.23,3389466.05,2.381158054131244,21.355337524031043,-1,
301.63307,-14.0376,-5144.72,3389471.85,2.23492471207732,21.15533953247716,-1,
301.63239,-14.0427,-5102.77,3389513.09,2.0103648328954744,19.0454052341436,-1,
301.63171,-14.0478,-5050.19,3389564.96,1.9373742645919507,18.54555893078936,-1,
301.63102,-14.0529,-5078.8,3389535.65,1.8214843597274075,15.831653998542752,-1,
301.63034,-14.0581,-5090.29,3389523.46,1.7315714037475076,11.980348703855157,-1,
301.62966,-14.0632,-5091.02,3389522.03,1.7077331493119403,12.606963438928544,-1,
301.62897,-14.0683,-5087.5,3389524.84,1.665171260381361,7.240442205004915,-1,
301.62829,-14.0734,-5083.64,3389528.0,1.764075994774993,4.306159114008607,-1,
301.6276,-14.0785,-5069.56,3389541.38,2.2226959899600893,4.34197695821251,-1,
301.62692,-14.0836,-5059.47,3389550.77,2.8192217919182285,4.310364668145598,-1,
301.62624,-14.0888,-5047.34,3389562.19,3.461669631221436,4.394946795788642,-1,
301.62555,-14.0939,-5026.41,3389582.42,4.587881780562747,7.660162167426383,-1,
301.62487,-14.099,-5006.65,3389601.48,5.22429965191876,8.25948276403107,-1,
301.62418,-14.1041,-4983.13,3389624.3,5.624672271265878,9.290699311364405,-1,
301.6235,-14.1092,-4961.13,3389645.59,5.868956974454266,10.539682971338246,-1,
301.62282,-14.1144,-4945.4,3389660.62,5.583961214580174,12.058608507116269,-1,
301.62213,-14.1195,-4924.88,3389680.44,5.07414973898132,13.740757573132283,-1,
301.62145,-14.1246,-4905.46,3389699.16,4.604337323217278,14.87399046403733,-1,
301.62076,-14.1297,-4890.86,3389713.05,4.514199386637581,17.803337463404475,-1,
301.62008,-14.1348,-4877.35,3389725.86,4.867229222897751,14.723848196457368,-1,
301.6194,-14.1399,-4868.56,3389733.95,5.906740686491173,6.466906900029088,-1,
301.61871,-14.1451,-4854.15,3389747.66,6.03074504512712,10.320427770098709,-1,
301.61803,-14.1502,-4842.48,3389758.63,6.011297608178448,12.357586337355274,-1,
301.61734,-14.1553,-4831.2,3389769.21,5.41474554597831,13.094329336495855,-1,
301.61666,-14.1604,-4854.82,3389744.9,5.324451418948709,12.691020667189886,-1,
301.61597,-14.1655,-4863.36,3389735.66,5.331253364394964,13.385923307029795,-1,
301.61529,-14.1707,-4853.98,3389744.35,4.854918256226823,15.977461646264958,-1,
301.6146,-14.1758,-4830.79,3389766.84,5.408116755806609,13.383577819956008,-1,
301.61392,-14.1809,-4824.2,3389772.73,8.837090507121614,33.985187939069675,-1,
301.61324,-14.186,-4821.74,3389774.5,12.690874548228884,40.95775172041343,-1,
301.61255,-14.1911,-4777.23,3389818.31,14.280040737048274,38.45862629522082,-1,
301.61186,-14.1962,-4616.68,3389978.17,15.439913310414576,30.333223818431048,-1,
301.61118,-14.2014,-4563.24,3390030.91,16.30566896098789,27.9566809811632,-1,
301.61049,-14.2065,-4519.39,3390074.07,16.27396156508514,29.907340340155077,-1,
301.60981,-14.2116,-4459.28,3390133.48,15.285945020182169,18.218365508408997,-1,
301.60912,-14.2167,-4386.22,3390205.85,14.618003133274174,18.436651902221183,-1,
301.60843,-14.2218,-4308.69,3390282.68,13.839065813036775,19.270433683890136,-1,
301.60775,-14.227,-4272.34,3390318.33,13.231920640281846,27.383143985028177,-1,
301.60706,-14.2321,-4254.55,3390335.43,12.933982800653794,37.52818049236552,-1,
301.60638,-14.2372,-4241.91,3390347.37,12.994490134276807,25.43484079217021,-1,
301.60569,-14.2423,-4229.34,3390359.25,10.33723181234384,33.9086500666335,-1,
301.60501,-14.2474,-4308.35,3390279.54,8.005318842115877,36.86263709947672,-1,
301.60365,-14.2577,-4385.21,3390201.3,2.056296545147935,52.87016676916341,-1,
301.60296,-14.2628,-4367.66,3390218.16,5.205608366208876,47.955661989955445,-1,
301.60228,-14.2679,-4315.35,3390269.79,10.451132883565664,33.83649039181716,-1,
301.60159,-14.273,-4273.04,3390311.41,6.993771491713472,47.02416470935231,-1,
301.6009,-14.2781,-4165.61,3390418.15,7.388637865601024,41.77906303230726,-1,
301.60022,-14.2833,-4102.88,3390480.19,8.693836236366336,54.765481240455046,-1,
301.59953,-14.2884,-4172.3,3390410.08,9.951494552116692,58.21038576849194,-1,
301.59885,-14.2935,-4141.13,3390440.56,11.371131352415482,65.50730283932724,-1,
301.59816,-14.2986,-4061.89,3390519.11,14.055145483415158,67.09493061339141,-1,
301.59747,-14.3037,-3960.24,3390620.08,16.704596878982944,61.33216566439518,-1,
301.59679,-14.3089,-3831.91,3390747.72,17.716401846794316,55.006685375784805,-1,
301.5961,-14.314,-3697.71,3390881.23,18.787011542587507,30.406795575985967,-1,
301.59541,-14.3191,-3619.17,3390959.08,18.93327002107879,28.9330364453532,-1,
301.59472,-14.3242,-3551.73,3391025.83,19.62187913245037,33.382355583580825,-1,
301.59404,-14.3293,-3455.2,3391121.67,20.15077054187796,31.269471137492665,-1,
301.59335,-14.3345,-3343.42,3391232.76,22.22741326033098,30.625152600004505,-1,
301.59266,-14.3396,-3209.29,3391366.21,24.391947415848897,31.9841420965522,-1,
301.59197,-14.3447,-3061.97,3391512.84,27.09966116003484,37.3308790445052,-1,
301.59128,-14.3498,-2916.88,3391657.24,29.916203238363455,41.603309192381104,-1,
301.59059,-14.3549,-2733.47,3391839.95,30.761324974747488,48.78288205345969,-1,
301.5899,-14.3601,-2558.31,3392014.43,27.351860172053232,68.0427187938085,-1,
301.58921,-14.3652,-2369.71,3392202.35,24.611669813032165,63.01428572332022,-1,
301.58853,-14.3703,-2360.59,3392210.79,21.19522200466176,53.44357174284822,-1,
301.58784,-14.3754,-2327.32,3392243.38,19.916525497624303,53.72391755330251,-1,
301.58715,-14.3805,-2252.58,3392317.44,19.80484482411396,61.12267635459216,-1,
301.58647,-14.3857,-2153.4,3392415.94,22.47640378530277,42.478971758017735,-1,
301.58578,-14.3908,-2027.43,3392541.22,23.544543307289626,34.099267137736206,-1,
301.58509,-14.3959,-1899.62,3392668.35,25.160938144070528,39.75631661705399,-1,
301.5844,-14.401,-1763.18,3392804.11,25.711755785458998,45.51343943168661,-1,
301.58371,-14.4061,-1621.44,3392945.17,25.08574706484084,46.00696597871859,-1,
301.58302,-14.4113,-1474.03,3393091.9,25.77849658978519,57.44604634110793,-1,
301.58233,-14.4164,-1322.93,3393242.32,24.791978131839983,59.912702745432576,-1,
301.58164,-14.4215,-1168.81,3393395.75,25.11403579371353,54.01673717706826,-1,
301.58095,-14.4266,-1014.19,3393549.69,24.474331127676454,51.64837038785128,-1,
301.58027,-14.4318,-863.9,3393699.3,24.63714508030084,36.904559306114415,-1,
301.57958,-14.4369,-706.71,3393855.81,26.93154680412386,25.87778301512046,-1,
301.57889,-14.442,-569.53,3393992.31,27.927229816694684,32.41871035006994,-1,
301.5782,-14.4471,-418.1,3394143.06,30.246259362320536,16.654536697809124,-1,
301.57751,-14.4522,-245.93,3394314.55,30.587194159816008,16.401575183857332,-1,
301.57683,-14.4573,-55.4,3394504.4,30.808762690971573,11.507528031094973,-1,
301.57614,-14.4625,124.52,3394683.64,29.471291105549323,37.60130202719844,-1,
301.57544,-14.4676,271.83,3394830.27,29.92757196317493,43.35213188482665,-1,
301.57406,-14.4779,569.62,3395126.71,31.41596527280712,9.564486171310092,-1,
301.57336,-14.483,740.25,3395296.66,31.086543140637897,15.640428932492068,-1,
300.35398,-14.4981,3348.01,3397943.41,2.8235099742615453,1.9128098461047065,-1,
300.35329,-14.493,3345.62,3397941.71,2.827067628673623,1.9692468138579544,-1,
300.3526,-14.4879,3341.18,3397937.95,2.701769612460092,2.733988602250146,-1,
300.35191,-14.4828,3337.82,3397935.28,2.349806188883488,4.859143088765852,-1,
300.35122,-14.4777,3334.95,3397933.09,2.0703868584012906,5.6481432704880925,-1,
300.35053,-14.4726,3319.98,3397918.81,1.8023610089587332,5.939427122556427,-1,
300.34984,-14.4675,3312.53,3397912.05,1.5639474191641576,5.428345408885222,-1,
300.34915,-14.4624,3319.76,3397919.96,1.3106522633029225,4.550645093869808,-1,
300.34846,-14.4573,3323.15,3397924.04,0.7779199911727374,4.586811175220799,-1,
300.34777,-14.4522,3324.42,3397925.99,0.4980333606349489,5.172487016307922,-1,
300.34641,-14.442,3309.79,3397912.74,0.4741577343751693,3.954198329267689,-1,
300.34573,-14.4369,3310.29,3397913.93,0.5240698530833607,3.382219138079765,-1,
300.34505,-14.4318,3308.1,3397912.42,0.6473623310572402,3.4401436090166087,-1,
300.34436,-14.4267,3306.18,3397911.19,0.9390012287301251,3.56805751569992,-1,
300.34368,-14.4216,3296.13,3397901.83,1.2827662469997168,3.593858438110429,-1,
300.343,-14.4165,3290.09,3397896.48,1.4500258461494562,3.4313427810958443,-1,
300.34232,-14.4114,3278.95,3397886.03,1.2595150449910175,4.547470515394909,-1,
300.34164,-14.4063,3276.28,3397884.05,0.8389500520453611,6.242755067761712,-1,
300.34096,-14.4012,3272.36,3397880.82,0.4300669439573836,6.681558888849377,-1,
300.34028,-14.3961,3270.17,3397879.31,0.3888047600124748,7.613266587275349,-1,
300.33892,-14.3859,3277.01,3397887.53,1.1391080416590011,9.674462170329226,-1,
300.33823,-14.3808,3257.22,3397868.43,0.7226822113044695,11.603301301150958,-1,
300.33755,-14.3757,3252.24,3397864.14,0.0949911417995205,10.879787636366412,-1,
300.33687,-14.3706,3256.88,3397869.47,0.8257293651955778,9.703342125963989,-1,
300.33619,-14.3655,3264.67,3397877.95,1.266506657612859,5.676323250461955,-1,
300.33551,-14.3604,3271.14,3397885.1,1.3926835721317954,4.946099443258158,-1,
300.33483,-14.3553,3271.16,3397885.81,1.3581704840282864,3.3150081497420385,-1,
300.33415,-14.3502,3275.69,3397891.03,1.251526270336049,3.4046321393658707,-1,
300.33347,-14.3451,3278.67,3397894.7,1.1214955612602444,3.286167124279674,-1,
300.33279,-14.34,3284.79,3397901.52,1.1081522482664323,2.155918120834823,-1,
300.33211,-14.3349,3294.92,3397912.34,1.0138255119788675,2.392628991544307,-1,
300.33143,-14.3298,3294.27,3397912.38,0.6994971889393667,5.511708823739736,-1,
300.33075,-14.3247,3302.19,3397921.0,0.5522603395458945,8.534318946291377,-1,
300.33006,-14.3196,3304.55,3397924.05,1.0765900177739889,8.97147198370734,-1,
300.32938,-14.3145,3292.45,3397912.64,1.5465001478342788,7.449019914998994,-1,
300.3287,-14.3094,3276.0,3397896.89,1.7930750740434651,4.686348173379693,-1,
300.32802,-14.3043,3265.57,3397887.15,1.658422601188478,5.601612289604478,-1,
300.32734,-14.2992,3257.78,3397880.05,1.2772587854188564,4.98560953862219,-1,
300.32666,-14.2941,3258.47,3397881.44,0.963311241159173,3.3572726396541106,-1,
300.32598,-14.289,3254.9,3397878.56,0.7935133203860074,2.367028735309339,-1,
300.3253,-14.2839,3248.1,3397872.45,0.7733063990947343,2.1538863049632626,-1,
300.32462,-14.2788,3242.5,3397867.55,0.7490591638080019,2.200264257537883,-1,
300.32394,-14.2737,3242.48,3397868.22,0.653226871928973,2.740223854355501,-1,
300.32326,-14.2686,3242.74,3397869.17,0.5750225347371365,2.7917159052512663,-1,
300.32258,-14.2635,3239.62,3397866.75,0.520643309390149,3.1623050997485342,-1,
300.3219,-14.2584,3244.5,3397872.32,0.4836825810324098,2.727161784633083,-1,
300.32121,-14.2533,3244.29,3397872.8,0.4662613055768131,2.5401909112730463,-1,
300.32053,-14.2482,3246.55,3397875.76,0.3630579546587764,3.901009353516077,-1,
300.31986,-14.2431,3239.92,3397869.82,0.5895108725806314,3.710126366234451,-1,
300.31918,-14.2379,3239.81,3397870.41,0.7936833196106552,3.3408591061373,-1,
300.31851,-14.2328,3237.99,3397869.29,0.8065017197894038,3.4851476934143677,-1,
300.31784,-14.2277,3226.77,3397858.77,0.4907668058257883,5.1507683016763215,-1,
300.31716,-14.2226,3223.11,3397855.81,0.7234367251707856,6.877181386723783,-1,
300.31649,-14.2175,3228.73,3397862.13,1.5536385563727544,11.031962463736209,-1,
300.31582,-14.2124,3234.32,3397868.42,2.648903287327066,12.95504371328738,-1,
300.31514,-14.2072,3235.2,3397870.0,1.2699659534990924,32.75558823764554,-1,
300.31447,-14.2021,3243.45,3397878.95,2.9793112794676824,64.72058917706518,-1,
300.3138,-14.197,3263.35,3397899.55,10.771106896457018,89.41960650590116,-1,
300.31312,-14.1919,3300.52,3397937.42,14.217008485506124,81.76697100036773,-1,
300.31245,-14.1868,3329.42,3397967.02,15.706891859430042,69.70379524917259,-1,
300.31178,-14.1817,3264.96,3397903.26,18.06251053909657,61.38399352222819,-1,
300.3111,-14.1766,3222.67,3397861.67,21.414371209499997,49.20626257376893,-1,
300.30976,-14.1663,3268.03,3397908.43,22.534549118980348,39.6623867669069,-1,
300.30908,-14.1612,3323.26,3397964.36,19.141427002000132,53.1435897827748,-1,
300.30841,-14.1561,3329.97,3397971.77,13.94358107493301,73.6276117922028,-1,
300.30774,-14.151,3292.27,3397934.77,9.06378877864261,75.16020517183941,-1,
300.30706,-14.1459,3262.29,3397905.49,4.206892285302048,62.60005780705464,-1,
300.30639,-14.1408,3242.03,3397885.94,0.9030515819348842,40.42926965051223,-1,
300.30572,-14.1356,3237.96,3397882.57,1.9688674686634853,20.117761012238816,-1,
300.30505,-14.1305,3248.11,3397893.43,2.444307041438317,16.26767351055151,-1,
300.30437,-14.1254,3247.76,3397893.78,1.4530262104081126,6.997954752843302,-1,
300.3037,-14.1203,3242.11,3397888.84,1.3489189887225337,5.305898582844332,-1,
300.30303,-14.1152,3232.68,3397880.12,1.6507866325869678,4.145107114838533,-1,
300.30235,-14.1101,3227.88,3397876.02,2.022712102753713,5.160568853444369,-1,
300.30168,-14.105,3221.5,3397870.35,2.898166178774712,10.575172394984408,-1,
300.30101,-14.0998,3207.36,3397856.91,4.342568982096337,17.274290994353656,-1,
300.30033,-14.0947,3190.92,3397841.18,5.047602964137496,15.144882400979386,-1,
300.29966,-14.0896,3159.13,3397810.09,4.450861756565765,20.91927826436986,-1,
300.29899,-14.0845,3097.63,3397749.3,2.9405754249448672,26.612840169714747,-1,
300.29831,-14.0794,3086.83,3397739.2,1.575702687088654,25.43683369259893,-1,
300.29764,-14.0743,3121.65,3397774.73,1.9208077295260355,31.40868519413169,-1,
300.29697,-14.0691,3121.76,3397775.54,5.3644838825649375,64.03101447711882,-1,
300.29629,-14.064,3125.45,3397779.94,12.115650485661652,86.27905758408556,-1,
300.29562,-14.0589,3031.08,3397686.28,19.389814667736253,80.82591250017059,-1,
300.29495,-14.0538,2847.84,3397503.74,24.94717112389777,57.70399521887439,-1,
300.29427,-14.0487,2670.3,3397326.91,28.43150465050482,24.884673267606896,-1,
300.2936,-14.0435,2511.41,3397168.72,29.51526330812122,16.873954296708092,-1,
300.29291,-14.0384,2349.62,3397007.66,29.391093414377263,16.49677072787453,-1,
300.29222,-14.0333,2153.84,3396812.59,28.99184660583025,16.65869215199759,-1,
300.29153,-14.0282,1986.07,3396645.53,28.340644428843387,16.64956397389103,-1,
300.29084,-14.0231,1827.14,3396487.31,27.45573138900628,18.09719671459419,-1,
300.29015,-14.018,1680.72,3396341.6,26.315790621648635,18.295841677739997,-1,
300.28946,-14.0129,1546.5,3396208.09,24.984804891286046,17.088378702928505,-1,
300.28877,-14.0077,1406.17,3396068.47,23.47623253285218,17.311032874157505,-1,
300.28808,-14.0026,1273.5,3395936.51,21.897086461700543,19.98902754163549,-1,
300.28739,-13.9975,1152.7,3395816.42,19.9597706806465,23.68159482210799,-1,
300.2867,-13.9924,1045.2,3395709.63,17.87640183550159,23.0330054716972,-1,
300.28601,-13.9873,959.45,3395624.58,16.233612876163633,18.544999477602705,-1,
300.28532,-13.9822,892.68,3395558.52,14.433566172968389,14.82697914113858,-1,
300.28463,-13.9771,824.21,3395490.76,12.888254592496445,13.835234035257908,-1,
300.28394,-13.972,751.62,3395418.88,11.326257108314094,16.198176093653668,-1,
300.28325,-13.9669,689.02,3395356.99,9.802387827909476,20.011215304160043,-1,
300.28256,-13.9618,649.68,3395318.36,8.2470003241478,20.6540547761794,-1,
300.28187,-13.9566,624.56,3395293.95,6.237932801648952,18.399918638568465,-1,
300.28118,-13.9515,598.77,3395268.87,4.322027182505558,14.222602594530075,-1,
300.28049,-13.9464,578.8,3395249.61,3.00640525245606,14.88297592436669,-1,
300.2798,-13.9413,565.39,3395236.91,2.41820506227464,18.897871286192316,-1,
300.27911,-13.9362,565.03,3395237.27,2.52509159688242,19.32194836984331,-1,
300.27843,-13.9311,588.81,3395261.77,2.756014170228625,19.064364872927253,-1,
300.27774,-13.926,611.95,3395285.62,3.262578593575734,15.9744420627631,-1,
300.27705,-13.9209,619.79,3395294.18,3.64486819997611,14.137534946382424,-1,
300.27636,-13.9158,612.73,3395287.83,3.9861237869395816,13.929800021441144,-1,
300.27567,-13.9107,623.36,3395299.18,4.367949991234871,15.745493465894723,-1,
300.27498,-13.9056,638.22,3395314.76,4.622419390232051,17.09184889200165,-1,
300.27429,-13.9005,666.72,3395343.97,5.615398840426948,22.46268328649788,-1,
300.2736,-13.8954,706.53,3395384.5,8.044796645610338,11.808089707040205,-1,
300.27291,-13.8903,737.24,3395415.92,8.65190608991489,10.197546328889413,-1,
300.27223,-13.8852,794.26,3395473.66,8.799570952565999,12.774423613215331,-1,
300.27154,-13.8801,813.42,3395493.53,8.719597709217853,12.729607408493838,-1,
300.27085,-13.875,835.44,3395516.27,9.25790191258366,12.318934771496036,-1,
300.27016,-13.8699,855.73,3395537.27,11.206250291339645,25.59127074412876,-1,
300.26947,-13.8648,873.78,3395556.04,14.741077547955625,41.83021366229583,-1,
300.26878,-13.8596,924.01,3395606.99,19.546375431485952,55.597450711347776,-1,
300.26809,-13.8545,1033.46,3395717.15,22.222964761900045,43.61105620821448,-1,
300.26741,-13.8494,1169.14,3395853.55,19.33134920905073,74.84920250256687,-1,
300.26672,-13.8444,1344.81,3396029.93,11.035491822400568,135.20233506628767,-1,
300.26603,-13.8392,1367.05,3396052.89,8.508305305412174,152.98291251642394,-1,
300.26534,-13.8341,1173.6,3395860.17,18.839107871134864,124.91776239663857,-1,
300.26465,-13.829,957.36,3395644.65,26.97904034098793,61.04032576283032,-1,
300.26396,-13.8239,792.51,3395480.52,29.822643176371,19.49375649132673,-1,
300.26327,-13.8188,620.61,3395309.34,28.57455652169424,16.70578894679864,-1,
300.26258,-13.8137,451.97,3395141.42,27.580457238861083,13.22190828642648,-1,
300.26189,-13.8086,309.53,3394999.71,26.996895424837668,18.18956265692325,-1,
300.2612,-13.8034,163.7,3394854.6,26.323148691298147,19.283391507121102,-1,
300.26051,-13.7983,18.79,3394710.41,25.3921460145264,17.057030625751263,-1,
300.25982,-13.7932,-110.56,3394581.78,24.24440312036829,15.11738516952992,-1,
300.25913,-13.7881,-257.48,3394435.58,22.541596962356035,22.701823368950045,-1,
300.25844,-13.783,-392.02,3394301.76,20.81210381509557,27.98184115544977,-1,
300.25775,-13.7779,-514.12,3394180.38,19.462829447195368,27.23698345401215,-1,
300.25706,-13.7728,-617.15,3394078.07,17.70180938176628,23.83100347839357,-1,
300.25637,-13.7677,-723.52,3393972.42,16.391088200160972,18.87436369782476,-1,
300.25568,-13.7626,-815.3,3393881.36,15.466343190197778,14.905534566438952,-1,
300.255,-13.7574,-873.29,3393824.1,15.41678659766436,14.046449977996485,-1,
300.25431,-13.7523,-947.64,3393750.47,15.97752054766192,21.16808948782684,-1,
300.25362,-13.7472,-1009.05,3393689.78,15.482923950123707,27.166062486222163,-1,
300.25293,-13.7421,-1130.48,3393569.07,17.048018852683928,52.54569653346259,-1,
300.25224,-13.737,-1269.53,3393430.74,15.855892573816966,69.37510687265272,-1,
300.25086,-13.7268,-1463.62,3393238.11,15.311995048799051,54.51669308677437,-1,
300.25017,-13.7217,-1484.67,3393217.79,18.419956835917585,50.34935587229166,-1,
300.24948,-13.7166,-1479.28,3393223.9,22.390892998884496,57.50891367514005,-1,
300.24879,-13.7115,-1460.26,3393243.65,24.734098676704622,51.5415957924995,-1,
300.2481,-13.7064,-1615.0,3393089.64,21.744156816810506,61.72368472697985,-1,
300.24741,-13.7012,-1677.13,3393028.24,17.7895013723206,61.21215128398403,-1,
300.24673,-13.6961,-1700.42,3393005.67,16.186424123989212,57.6423435191288,-1,
300.24604,-13.691,-1615.7,3393091.12,15.833123489998826,58.14488996474784,-1,
300.24535,-13.6859,-1729.57,3392977.98,16.218949347235895,52.12404275836607,-1,
300.24466,-13.6808,-1864.12,3392844.15,16.906720131759492,43.605626402240034,-1,
300.24397,-13.6757,-1981.44,3392727.56,17.138926884964338,49.03042167783296,-1,
300.24328,-13.6706,-2092.8,3392616.93,15.61502983368794,62.337931528060444,-1,
300.24259,-13.6655,-2173.25,3392537.2,14.31874452155506,66.53208073882861,-1,
300.2419,-13.6604,-2208.92,3392502.26,14.202116959436411,68.65110061783396,-1,
300.24121,-13.6553,-2196.47,3392515.44,17.10968599862761,61.39315803232775,-1,
300.24053,-13.6502,-2161.63,3392551.01,19.707224070593146,79.55670418191039,-1,
300.23984,-13.6451,-2086.02,3392627.34,22.371606964645224,78.02554355310069,-1,
300.23915,-13.64,-1967.98,3392746.11,22.29838039076501,98.27079294513024,-1,
300.23846,-13.6349,-1881.99,3392832.83,22.789931045489837,127.85343502719256,-1,
300.23778,-13.6298,-1830.68,3392884.88,23.738901517365008,130.05458762145676,-1,
300.2371,-13.6247,-1991.97,3392724.32,25.94474258199317,128.1065025281709,-1,
300.23642,-13.6195,-2137.28,3392579.74,29.236200322368816,123.01995926818346,-1,
300.23574,-13.6144,-2260.55,3392457.2,27.276764643850413,125.7949260917064,-1,
300.23506,-13.6093,-2290.17,3392428.31,25.13450624240104,53.996564652913314,-1,
300.23438,-13.6042,-2403.45,3392315.77,25.31796748732588,45.05702161525337,-1,
300.2337,-13.5991,-2535.31,3392184.64,25.927172645525616,40.83396783150045,-1,
300.23302,-13.594,-2766.15,3391954.53,26.31351570187383,37.03590543493406,-1,
300.23234,-13.5889,-2942.29,3391779.12,25.82743754796782,40.53018451291924,-1,
300.23166,-13.5838,-3102.23,3391619.91,25.08579050717814,39.76109897715073,-1,
300.2303,-13.5736,-3373.6,3391350.01,22.64701704977306,21.54458016009132,-1,
300.22962,-13.5685,-3501.37,3391222.97,21.065102604902435,22.543865333519435,-1,
300.22894,-13.5634,-3611.57,3391113.5,18.50560122924479,29.579560378012477,-1,
300.22826,-13.5583,-3704.47,3391021.33,15.904737928177765,35.25426761364003,-1,
300.22758,-13.5532,-3768.89,3390957.65,12.775686262587048,32.17710626310312,-1,
300.2269,-13.5481,-3818.72,3390908.55,10.192436327837708,26.88909703447074,-1,
300.22623,-13.543,-3853.65,3390874.35,8.28644044021535,22.211173511430232,-1,
300.22555,-13.5379,-3881.28,3390847.45,7.592798444862288,19.839322209304363,-1,
300.22487,-13.5328,-3903.89,3390825.57,8.528021702061928,25.51118227095048,-1,
300.22419,-13.5277,-3923.39,3390806.82,11.47440580029023,49.79355799895804,-1,
300.22351,-13.5226,-3971.26,3390759.69,15.787884990947406,64.95525773307287,-1,
300.22283,-13.5175,-4037.45,3390694.24,20.536878651912648,59.43410332877852,-1,
300.22215,-13.5124,-4238.47,3390493.96,23.16006877649424,44.245657461053696,-1,
300.22147,-13.5073,-4410.07,3390323.09,23.81890974668324,43.06340819201766,-1,
300.22079,-13.5022,-4556.3,3390177.6,20.526127957159023,65.99533733674548,-1,
300.22011,-13.4971,-4632.65,3390101.99,14.56902829677887,75.4204214540564,-1,
300.21943,-13.492,-4655.21,3390080.17,9.092624782033631,58.856687215148895,-1,
300.21875,-13.4869,-4654.93,3390081.18,2.860547633846031,40.08175805491823,-1,
300.21807,-13.4818,-4651.11,3390085.74,0.9808030627731474,14.172463299758752,-1,
300.21672,-13.4716,-4623.04,3390115.29,2.600204581368779,6.167252703391739,-1,
300.21604,-13.4665,-4614.49,3390124.57,3.3611880831090395,12.6210874603053,-1,
300.21536,-13.4614,-4580.33,3390159.47,4.106444672088547,16.556960988946454,-1,
300.21468,-13.4563,-4589.62,3390150.92,3.907276287270728,19.03647976756189,-1,
300.214,-13.4512,-4509.57,3390231.71,4.099123077765355,21.289558682850316,-1,
300.21332,-13.4461,-4482.49,3390259.52,4.01145206974433,22.261568596310227,-1,
300.21264,-13.441,-4542.75,3390200.0,3.995629735663973,20.726640518221178,-1,
300.21197,-13.4359,-4525.64,3390217.85,4.386303690791891,14.84115650864136,-1,
300.21129,-13.4308,-4565.74,3390178.49,4.109270215130714,16.964034165683554,-1,
300.21061,-13.4257,-4581.4,3390163.57,3.9206215634968022,14.864744828629307,-1,
300.20993,-13.4206,-4590.86,3390154.85,4.072769134552082,13.522254013412146,-1,
300.20925,-13.4154,-4641.44,3390105.02,3.7193338647951193,13.829421208934024,-1,
300.20857,-13.4103,-4657.22,3390089.98,3.631016972218291,15.691692952772096,-1,
300.20789,-13.4052,-4665.05,3390082.9,3.3471569222022035,16.789012208051247,-1,
300.20721,-13.4001,-4644.15,3390104.54,3.2425892466324564,12.564969227620404,-1,
300.20653,-13.395,-4646.32,3390103.11,3.8286517920160232,12.961738009576314,-1,
300.20585,-13.3899,-4659.13,3390091.05,4.581562067068792,13.125372826204927,-1,
300.20517,-13.3848,-4691.79,3390059.13,5.43210729282996,15.39803606374042,-1,
300.20449,-13.3797,-4704.79,3390046.88,6.007144976725664,19.331970111915524,-1,
300.20381,-13.3746,-4700.39,3390052.02,6.639627875592057,21.272658541934973,-1,
300.20313,-13.3695,-4714.28,3390038.88,6.95789458714023,22.166770830976866,-1,
300.20245,-13.3644,-4749.89,3390004.01,7.490165002294964,25.98048450356335,-1,
300.20177,-13.3593,-4773.51,3389981.14,7.853428436936781,27.72414658370519,-1,
300.20109,-13.3542,-4791.91,3389963.48,7.775514260952311,29.706398037906222,-1,
300.20041,-13.3491,-4789.17,3389966.96,7.386460762383712,31.259716033293262,-1,
300.19973,-13.344,-4799.83,3389957.05,6.3855915161796615,34.28095849120943,-1,
300.19905,-13.3388,-4783.25,3389974.37,3.939219386160151,14.595696096022664,-1,
300.19837,-13.3337,-4767.53,3389990.84,4.245380534950395,13.531370929680422,-1,
300.19769,-13.3286,-4744.33,3390014.78,4.58934119910321,13.630848496136087,-1,
300.19701,-13.3235,-4724.35,3390035.51,5.1596528960702175,16.11925629832968,-1,
300.19633,-13.3184,-4695.28,3390065.33,5.6909666009574105,18.84709294856093,-1,
300.19565,-13.3133,-4665.72,3390095.64,6.513552194101124,17.589056302032436,-1,
300.19497,-13.3082,-4624.01,3390138.1,7.559825269311387,19.490792177388645,-1,
300.19429,-13.3031,-4599.04,3390163.82,9.84796174100028,33.56183732669693,-1,
300.19361,-13.298,-4592.6,3390171.01,14.418351978965603,56.116056208947086,-1,
300.19293,-13.2929,-4516.94,3390247.42,18.378446001335067,64.44624619975524,-1,
300.19225,-13.2878,-4389.89,3390375.22,22.83219290105515,45.092627881812405,-1,
300.19158,-13.2827,-4220.54,3390545.32,23.48106058030037,33.94803503805368,-1,
300.1909,-13.2776,-4105.1,3390661.51,20.849369695776275,46.69346276046998,-1,
300.19022,-13.2725,-4010.3,3390757.05,16.432149578750803,46.95338313546819,-1,
300.18954,-13.2674,-3972.81,3390795.29,13.111094935302212,42.45147419515644,-1,
300.18886,-13.2623,-3918.96,3390849.89,9.8263128952298,24.636338986923526,-1,
300.18818,-13.2572,-3886.39,3390883.21,8.728559279329714,11.329571436385812,-1,
300.1875,-13.2521,-3859.22,3390911.13,10.67442526662752,32.03662475244548,-1,
300.18682,-13.247,-3813.72,3390957.38,13.998222464631834,46.50501222719508,-1,
300.18614,-13.2419,-3731.98,3391039.87,17.813236533694162,48.881800445697,-1,
300.18546,-13.2368,-3572.28,3391200.32,21.0235176715391,37.34967038584389,-1,
300.18479,-13.2317,-3453.92,3391319.43,23.24127805374744,25.215244489855927,-1,
300.18411,-13.2266,-3338.16,3391435.94,24.45035189611673,20.92846404523469,-1,
300.18343,-13.2215,-3228.65,3391546.2,24.73080001077852,22.47132340871013,-1,
300.18275,-13.2164,-3064.09,3391711.52,25.373404548085308,23.670386364821265,-1,
300.18207,-13.2112,-2891.09,3391885.27,26.681129094646465,29.80016572124337,-1,
300.18139,-13.2061,-2728.94,3392048.18,28.09676271118411,30.547742529408424,-1,
300.18072,-13.201,-2577.44,3392200.44,28.528868964230657,28.62909278200773,-1,
300.18004,-13.1959,-2366.57,3392412.06,25.70148055277256,77.51224451410057,-1,
300.17936,-13.1908,-2242.82,3392536.57,21.9228275833426,107.9994287588751,-1,
300.17868,-13.1857,-2114.69,3392665.46,19.685680350659712,114.67050109174484,-1,
300.17801,-13.1806,-1973.0,3392807.9,19.7970394160366,103.7516966985214,-1,
300.17733,-13.1755,-1930.75,3392850.91,22.441684239451995,89.94763227934386,-1,
300.17665,-13.1704,-1831.81,3392950.61,26.96475457085275,58.237433137130616,-1,
300.17597,-13.1653,-1890.35,3392892.83,28.119080292539763,33.68067916877387,-1,
300.17529,-13.1601,-1885.38,3392898.55,27.190571222283072,44.32023850501145,-1,
300.17461,-13.155,-1924.39,3392860.3,26.184696522155843,68.06772435271397,-1,
300.17393,-13.1499,-2008.02,3392777.43,24.683603515348054,76.60655652671879,-1,
300.17325,-13.1448,-2018.9,3392767.3,24.7185644222373,73.50691433492676,-1,
300.17257,-13.1397,-1924.55,3392862.41,25.21992725303896,53.45700078465679,-1,
300.1719,-13.1346,-1842.02,3392945.7,26.151001230448845,27.94047585160784,-1,
300.17122,-13.1295,-1736.16,3393052.31,27.111751591101893,28.11565940114481,-1,
300.17054,-13.1243,-1603.07,3393186.16,27.90717997149716,35.073206311928146,-1,
300.16986,-13.1192,-1450.54,3393339.44,28.684366281510247,44.60509523069185,-1,
300.16918,-13.1141,-1309.93,3393480.81,26.83227479389536,77.99726115724603,-1,
300.1685,-13.109,-1216.71,3393574.79,25.351273148342845,113.66907460026042,-1,
300.16782,-13.1039,-1127.95,3393664.32,24.949103715671825,110.38623503751828,-1,
300.16714,-13.0988,-1303.33,3393489.7,24.222094632078623,86.9035843356642,-1,
300.16646,-13.0937,-1458.44,3393335.35,21.727398503639268,100.64916871570942,-1,
300.16578,-13.0885,-1602.8,3393191.75,18.861554356938367,136.62825677913082,-1,
300.16511,-13.0834,-1639.81,3393155.51,20.8363981033581,120.93294685637716,-1,
300.16443,-13.0783,-1533.12,3393262.96,23.5739843194735,88.16711800291921,-1,
300.16375,-13.0732,-1379.09,3393417.75,27.68479262394856,47.036529499445095,-1,
300.16307,-13.0681,-1212.43,3393585.17,29.508783037744493,65.05079990535386,-1,
300.16239,-13.063,-1032.87,3393765.49,29.395124958730964,74.06164007446768,-1,
300.16172,-13.0579,-865.08,3393934.04,28.65883743270364,85.21539921484023,-1,
300.16104,-13.0528,-683.33,3394116.56,27.973146580691377,76.71682933496409,-1,
300.16036,-13.0476,-705.06,3394095.59,27.48432543398262,54.134606034034704,-1,
300.15968,-13.0425,-743.32,3394058.09,27.721515361096845,47.352524605436656,-1,
300.159,-13.0374,-760.17,3394042.0,27.64572083659066,61.846552311963656,-1,
300.15832,-13.0323,-730.6,3394072.33,26.855859042326934,57.05109858724141,-1,
300.15764,-13.0272,-657.09,3394146.61,28.57068351166579,35.818845039053826,-1,
300.15697,-13.0221,-554.11,3394250.35,28.78291727219856,20.285897535512014,-1,
300.15561,-13.0119,-314.11,3394491.87,28.60679517511919,19.577351211647965,-1,
300.15493,-13.0068,-241.97,3394564.78,28.655443791378595,16.42520146987128,-1,
300.15425,-13.0017,-168.62,3394638.89,29.161913274266283,7.1072164530480055,-1,
301.39628,-14.4929,551.65,3395113.01,31.53627039955009,6.009306806748741,-1,
301.39493,-14.4826,266.37,3394829.17,31.310776225862146,60.8049552504571,-1,
301.39425,-14.4775,133.68,3394697.2,17.113951665426047,77.8682877907783,-1,
301.39357,-14.4723,45.41,3394609.65,40.9932991993558,89.215502987635,-1,
301.39289,-14.4672,43.48,3394608.44,24.757179524155895,70.75834087895713,-1,
301.39221,-14.4621,122.5,3394688.18,28.452100872231103,67.98908803989502,-1,
301.39154,-14.457,190.33,3394756.73,35.53663479856356,91.94894706980551,-1,
301.39086,-14.4518,151.33,3394718.45,40.49275826772755,86.72362556904511,-1,
301.39018,-14.4467,18.33,3394586.17,43.28456255910343,46.63888548630759,-1,
301.3895,-14.4416,-107.47,3394461.09,40.30639022544825,27.33417518734421,-1,
301.38882,-14.4364,-189.53,3394379.75,31.29244873346622,30.139784060715105,-1,
301.38815,-14.4313,-243.19,3394326.81,28.82656810406145,19.88876647339577,-1,
301.38747,-14.4262,-311.02,3394259.7,29.384187684544735,23.704407018067183,-1,
301.3861,-14.416,-438.43,3394133.74,27.280819519791194,55.74888005726661,-1,
301.38542,-14.4108,-494.67,3394078.22,24.28521194436449,57.41240764108176,-1,
301.38473,-14.4057,-494.1,3394079.51,22.81488636962821,62.57214775692852,-1,
301.38405,-14.4006,-453.41,3394120.93,22.370233916553964,85.06382597762743,-1,
301.38337,-14.3955,-345.97,3394229.09,23.851957626041383,101.16338279052388,-1,
301.38268,-14.3904,-488.09,3394087.69,27.00367462729185,90.95042336299548,-1,
301.382,-14.3853,-684.14,3393892.36,29.319297531192685,54.30664940284595,-1,
301.38132,-14.3802,-842.34,3393734.89,29.922874172597176,17.251702179147546,-1,
301.38063,-14.3751,-1016.39,3393561.56,30.74521838523949,20.11687998662388,-1,
301.37995,-14.37,-1157.77,3393420.9,32.13585334863393,19.46189695895465,-1,
301.37926,-14.3648,-1334.39,3393245.0,32.63192584027354,18.15920643076634,-1,
301.37858,-14.3597,-1543.1,3393037.02,31.90369796087747,19.45784754434296,-1,
301.37789,-14.3546,-1706.53,3392874.31,30.95421205784633,20.776208958388587,-1,
301.37721,-14.3495,-1854.12,3392727.44,30.246276266376917,16.50329467684158,-1,
301.37653,-14.3444,-2019.76,3392562.52,28.840349499325413,15.62544599504003,-1,
301.37584,-14.3393,-2195.48,3392387.53,27.810811965106083,16.316413112712006,-1,
301.37516,-14.3342,-2333.82,3392249.91,26.873825511986475,14.204986593449991,-1,
301.37447,-14.3291,-2483.55,3392100.9,25.836186853632093,14.44517038471626,-1,
301.37379,-14.3239,-2607.1,3391978.07,24.541056709222,22.040721791665376,-1,
301.3731,-14.3188,-2742.43,3391843.47,22.814720373510845,34.39445200983494,-1,
301.37242,-14.3137,-2866.54,3391720.09,21.12224149379937,37.609749314416966,-1,
301.37174,-14.3086,-2945.36,3391641.99,19.64474679188823,32.31855771058772,-1,
301.37105,-14.3035,-2987.78,3391600.3,19.3335248886882,26.69167669684314,-1,
301.37037,-14.2984,-3033.7,3391555.11,19.42054764984492,25.95761536385533,-1,
301.36969,-14.2933,-3182.66,3391406.88,20.54593748954424,25.72626766542476,-1,
301.369,-14.2882,-3261.67,3391328.59,20.50489686377777,23.12279233027861,-1,
301.36832,-14.2831,-3314.67,3391276.32,14.154322212340714,28.179423429881997,-1,
301.36695,-14.2728,-3477.28,3391115.17,4.517729127555228,68.91004833650696,-1,
301.36627,-14.2677,-3492.67,3391100.5,9.803320120917707,62.01699064491017,-1,
301.36559,-14.2626,-3481.56,3391112.34,12.469925431510855,36.75659485625745,-1,
301.36491,-14.2575,-3368.83,3391225.8,12.28248053304212,43.09179147111298,-1,
301.36422,-14.2524,-3355.52,3391239.84,15.42581277675057,65.18119364130726,-1,
301.36354,-14.2473,-3353.99,3391242.09,15.151899211484544,65.49803303107868,-1,
301.36286,-14.2422,-3457.08,3391139.73,11.449565501195014,33.29300954282956,-1,
301.36217,-14.2371,-3536.27,3391061.27,9.65026280701645,31.052974332945976,-1,
301.36149,-14.232,-3587.25,3391011.02,8.959098259224781,40.69435944081359,-1,
301.36081,-14.2268,-3591.6,3391007.39,11.189020292246528,29.28892486993966,-1,
301.36013,-14.2217,-3600.15,3390999.57,4.602724939169417,18.23310243309892,-1,
301.35944,-14.2166,-3593.88,3391006.57,3.731191615158125,14.851088805831631,-1,
301.35875,-14.2115,-3585.66,3391015.52,4.666728801586436,18.91361971589943,-1,
301.35807,-14.2064,-3574.36,3391027.55,4.955260745975539,15.90383325184963,-1,
301.35738,-14.2013,-3522.18,3391080.47,10.17340978749137,14.09240313803313,-1,
301.3567,-14.1962,-3475.69,3391127.69,12.787805056501336,24.606512633216663,-1,
301.35601,-14.1911,-3458.95,3391145.16,17.10598902763961,39.45819803019671,-1,
301.35533,-14.186,-3384.04,3391220.8,22.408036480234035,46.6389633871356,-1,
301.35464,-14.1808,-3265.8,3391339.78,27.934977367108875,46.429200225427245,-1,
301.35396,-14.1757,-3124.18,3391482.13,27.73657520302604,25.00241786752858,-1,
301.35327,-14.1706,-2985.59,3391621.45,28.18042988534583,14.204402429530823,-1,
301.35259,-14.1655,-2799.28,3391808.5,28.554000296236307,13.156943460848693,-1,
301.3519,-14.1604,-2696.77,3391911.74,28.61413908888027,14.085154304766318,-1,
301.35122,-14.1553,-2545.81,3392063.43,27.64327569899751,13.875900343509503,-1,
301.35054,-14.1502,-2405.47,3392204.51,28.194791457362854,8.162289323585942,-1,
301.34985,-14.1451,-2282.53,3392328.18,31.95227246433459,17.094359132652418,-1,
301.34917,-14.14,-2163.19,3392448.25,29.052328791226188,20.717423010064447,-1,
301.34848,-14.1349,-2025.53,3392586.64,20.49635192023453,68.5514903717406,-1,
301.3478,-14.1298,-1820.84,3392792.07,11.44353785601806,123.44940442818732,-1,
301.34711,-14.1246,-1754.68,3392858.96,12.375621491192195,131.62961180026903,-1,
301.34643,-14.1195,-1888.42,3392725.95,15.259619329110802,128.06816836587043,-1,
301.34574,-14.1144,-2052.16,3392562.96,25.25453487564901,64.24442738463515,-1,
301.34505,-14.1093,-2160.41,3392455.45,28.877062468805367,27.38311246174839,-1,
301.34437,-14.1042,-2380.85,3392235.74,29.705421137045438,24.209739222830983,-1,
301.34368,-14.0991,-2558.42,3392058.91,30.023306890107563,24.099873536949637,-1,
301.34299,-14.094,-2744.37,3391873.7,29.54232203880495,25.34097859379972,-1,
301.34231,-14.0888,-2925.86,3391692.95,27.9899485793858,28.141396956907347,-1,
301.34162,-14.0837,-3071.02,3391548.53,26.786563122174822,28.34224115632228,-1,
301.34094,-14.0786,-3191.88,3391428.41,25.55191220405724,13.631114741054814,-1,
301.34025,-14.0735,-3319.35,3391301.67,25.243863963391508,7.601449414845508,-1,
301.33956,-14.0684,-3455.66,3391166.1,24.566825010222573,6.691814781917209,-1,
301.33888,-14.0633,-3565.48,3391057.02,24.48945317284228,6.354488229902453,-1,
301.33819,-14.0582,-3700.07,3390923.17,24.83409638262157,8.134828487105604,-1,
301.33751,-14.053,-3811.3,3390812.67,28.29209608644063,13.711413640525706,-1,
301.33682,-14.0479,-3924.64,3390700.07,28.60771579544201,17.232347341890883,-1,
301.33613,-14.0428,-4018.58,3390606.87,28.15534866691204,20.02007446204272,-1,
301.33545,-14.0377,-4141.96,3390484.23,27.597728373038944,21.050303125354294,-1,
301.33476,-14.0326,-4296.36,3390330.57,27.95397305197096,22.12732522387816,-1,
301.33408,-14.0275,-4421.76,3390205.9,25.327180873097053,34.35255582493712,-1,
301.33339,-14.0224,-4510.06,3390118.34,21.33843143510876,38.894698198290776,-1,
301.33202,-14.0121,-4653.27,3389976.62,14.042127708571524,26.15809362328084,-1,
301.33134,-14.007,-4690.6,3389940.04,12.055775338204178,27.56037353525444,-1,
301.33065,-14.0019,-4725.42,3389905.96,10.325402535946353,18.01104542029823,-1,
301.32997,-13.9967,-4782.83,3389849.3,9.637647922780577,13.911708992496084,-1,
301.32928,-13.9916,-4798.58,3389834.3,7.711402419363124,16.859265756598607,-1,
301.3286,-13.9865,-4814.24,3389819.38,11.129187971210074,12.911493254656676,-1,
301.32791,-13.9813,-4818.03,3389816.34,11.703316548173513,8.3195021086841,-1,
301.32723,-13.9762,-4815.92,3389819.19,7.454449792016653,13.331477532932622,-1,
301.32655,-13.9711,-4856.29,3389779.57,3.458782892032401,29.11292190383261,-1,
301.32586,-13.966,-4851.9,3389784.71,3.0373130289784003,35.970081185980845,-1,
301.32518,-13.9608,-4818.27,3389819.08,8.396526525258798,42.44603506792902,-1,
301.3245,-13.9557,-4753.45,3389884.65,15.986209748746504,31.1924517574686,-1,
301.32381,-13.9506,-4706.96,3389931.88,20.85356252318962,21.970971653112805,-1,
301.32313,-13.9455,-4609.17,3390030.42,22.86711608755944,12.793102316774313,-1,
301.32245,-13.9403,-4518.81,3390121.53,24.14716015506016,12.733604241687734,-1,
301.32176,-13.9352,-4436.72,3390204.36,25.551557640321448,24.98213516983984,-1,
301.32108,-13.9301,-4390.6,3390251.23,23.89233724037902,32.108687268901164,-1,
301.32039,-13.925,-4295.09,3390347.48,24.013803361409828,27.028568889407563,-1,
301.31971,-13.9198,-4279.8,3390363.52,23.16959115501691,23.74377399135872,-1,
301.31903,-13.9147,-4284.55,3390359.52,24.564140789545085,31.81018728031441,-1,
301.31834,-13.9096,-4216.84,3390427.98,13.948136469275656,45.09180570108339,-1,
301.31766,-13.9044,-4138.97,3390506.6,15.509812812582906,43.409519554280905,-1,
301.31698,-13.8993,-4048.24,3390598.08,19.01441204279287,37.38279949886656,-1,
301.3163,-13.8942,-3960.38,3390686.69,20.32203906034824,31.68230315252628,-1,
301.31561,-13.8891,-3836.83,3390810.99,18.14451462607457,49.53918867403185,-1,
301.31493,-13.8839,-3709.9,3390938.68,15.704594722223325,101.34445593481048,-1,
301.31425,-13.8788,-3618.8,3391030.53,10.060215684336075,118.326281107999,-1,
301.31356,-13.8737,-3679.92,3390970.16,10.725798731399069,107.09329691634034,-1,
301.31288,-13.8686,-3808.51,3390842.32,15.893923329342726,68.55507706544553,-1,
301.31219,-13.8634,-3916.91,3390734.67,19.32163369863641,38.7555279403497,-1,
301.31151,-13.8583,-3977.87,3390674.47,18.645804262986907,45.74594701293406,-1,
301.31083,-13.8532,-4020.61,3390632.48,14.403328138494482,36.63514857941482,-1,
301.31014,-13.848,-4043.97,3390609.87,12.082461579202764,24.7067299501356,-1,
301.30946,-13.8429,-4058.53,3390596.06,8.887487989536767,11.930940675908774,-1,
301.30877,-13.8378,-4069.55,3390585.79,9.865045552752632,24.27754278590767,-1,
301.30809,-13.8327,-4102.09,3390554.01,11.757464157884137,31.676587930868955,-1,
301.30741,-13.8275,-4120.83,3390536.02,14.267343038375737,29.294174991936632,-1,
301.30672,-13.8224,-4214.92,3390442.68,15.55217635745102,20.4532806815626,-1,
301.30604,-13.8173,-4292.17,3390366.18,16.06211370030784,14.496020213042744,-1,
301.30535,-13.8122,-4352.46,3390306.64,16.856559401141826,15.275569575534217,-1,
301.30467,-13.807,-4423.21,3390236.64,15.741401689757144,12.269529939559998,-1,
301.30399,-13.8019,-4461.59,3390199.02,15.55737705455204,13.516027967234294,-1,
301.30331,-13.7968,-4531.52,3390129.85,15.545894118392331,13.515166138499495,-1,
301.30263,-13.7917,-4612.62,3390049.5,15.097640159094803,15.269152912441756,-1,
301.30195,-13.7866,-4688.27,3389974.61,14.594101595574616,20.88475463766054,-1,
301.30126,-13.7814,-4729.19,3389934.45,14.242816813682207,20.445855026746088,-1,
301.30058,-13.7763,-4793.91,3389870.48,14.18265420081873,12.07046618282,-1,
301.2999,-13.7712,-4874.67,3389790.48,14.118329922489528,11.189573850894025,-1,
301.29922,-13.7661,-4917.83,3389748.08,12.023466077251705,13.05052819154387,-1,
301.29854,-13.7609,-4960.11,3389706.55,9.737920004257813,13.94570458198368,-1,
301.29785,-13.7558,-5013.8,3389653.62,7.683349937464276,9.72338624101995,-1,
301.29717,-13.7507,-5059.33,3389608.84,6.843059419106751,12.129621798245523,-1,
301.29649,-13.7456,-5083.1,3389585.83,5.723052340126478,14.324621299995156,-1,
301.29581,-13.7405,-5111.22,3389558.47,4.493765417571627,10.905259929145773,-1,
301.29513,-13.7353,-5135.62,3389534.82,3.555304321067711,8.9510394504837,-1,
301.29444,-13.7302,-5142.06,3389529.14,3.392448944995337,8.278379480423705,-1,
301.29376,-13.7251,-5157.48,3389514.48,2.834193064892045,4.742489934241322,-1,
301.29308,-13.72,-5159.42,3389513.29,2.4042438744394685,2.5902579083412705,-1,
301.2924,-13.7149,-5164.76,3389508.71,2.6735188263350875,3.314524480104922,-1,
301.29172,-13.7098,-5179.96,3389494.27,3.630049120340965,4.829739678459241,-1,
301.29036,-13.6995,-5186.13,3389489.61,4.208642745714584,5.545264184191269,-1,
301.28967,-13.6944,-5178.9,3389497.61,2.845729762297877,3.386626617289474,-1,
301.28899,-13.6893,-5173.46,3389503.81,2.5850650655115337,3.347740011110214,-1,
301.28831,-13.6842,-5181.21,3389496.82,1.8426453613722813,3.787966630387831,-1,
301.28763,-13.679,-5183.15,3389495.64,1.235397640037835,2.540958453179233,-1,
301.28695,-13.6739,-5182.19,3389497.36,0.4411437757454514,2.111367319957669,-1,
301.28627,-13.6688,-5188.46,3389491.86,0.1793374653420953,5.916759655411871,-1,
301.28559,-13.6637,-5185.9,3389495.18,1.7516082299023563,17.79093497959122,-1,
301.2849,-13.6586,-5189.59,3389492.25,4.190592170226618,17.9010298804642,-1,
301.28422,-13.6534,-5169.02,3389513.58,7.750581057551618,27.065314310539804,-1,
301.28354,-13.6483,-5123.08,3389560.28,10.371358379683354,29.66156155817821,-1,
301.28218,-13.6381,-5183.3,3389501.59,10.040236233873564,24.70175309304851,-1,
301.2815,-13.633,-5185.62,3389500.03,9.297019052396513,23.068784631308347,-1,
301.28082,-13.6278,-5171.41,3389515.0,9.949378792791917,20.35629596230855,-1,
301.28013,-13.6227,-5167.01,3389520.16,1.627676864872692,2.13717902883016,-1,
301.27945,-13.6176,-5161.02,3389526.91,1.678022819851071,1.4626278024724997,-1,
301.27877,-13.6125,-5152.46,3389536.24,1.615077845513062,1.2616192242674844,-1,
301.27809,-13.6074,-5144.52,3389544.94,1.66016196647711,1.058468192814795,-1,
301.27741,-13.6023,-5136.7,3389553.53,1.6875126854661482,0.9315588128103132,-1,
301.27673,-13.5971,-5127.47,3389563.52,1.623093534437953,1.4971117234045863,-1,
301.27604,-13.592,-5119.7,3389572.06,1.5719555432054306,1.527177856470718,-1,
301.27536,-13.5869,-5113.26,3389579.27,1.5613777331178456,1.6161426128181988,-1,
301.27468,-13.5818,-5110.02,3389583.27,1.5925430069320694,1.5722340534635058,-1,
301.27332,-13.5716,-5094.55,3389600.28,1.8146687348282775,1.6272331891191194,-1,
301.27263,-13.5665,-5085.54,3389610.05,2.1442208945157604,2.2571873953713446,-1,
301.27195,-13.5613,-5081.17,3389615.19,2.931430090906949,3.355675800388149,-1,
301.27127,-13.5562,-5073.34,3389623.79,5.458077278055685,11.078269455422353,-1,
301.27059,-13.5511,-5063.2,3389634.69,7.038612053294428,10.23262040983823,-1,
301.2699,-13.546,-5048.99,3389649.67,7.379337615699898,9.329440571639246,-1,
301.26922,-13.5409,-4995.82,3389703.61,7.171483382577337,9.10602204579601,-1,
301.26854,-13.5358,-5018.86,3389681.33,6.797551320280172,9.499382861159166,-1,
301.26786,-13.5307,-5002.38,3389698.58,6.51329665153584,12.257209604198271,-1,
301.26718,-13.5256,-4987.77,3389713.96,5.962277510282073,16.306967687694158,-1,
301.26649,-13.5204,-4960.78,3389741.71,5.986122692399906,9.834569780034627,-1,
301.26581,-13.5153,-4921.18,3389782.08,5.837451182945332,9.690112627952264,-1,
301.26513,-13.5102,-4892.35,3389811.68,6.030822812370285,9.022414719705507,-1,
301.26445,-13.5051,-4868.64,3389836.15,7.281829184528424,20.46487985000056,-1,
301.26377,-13.5,-4850.64,3389854.92,8.6557457807312,27.925901579260916,-1,
301.26308,-13.4949,-4796.4,3389909.93,9.871413026198162,25.886278754495315,-1,
301.2624,-13.4898,-4690.34,3390016.76,10.37439025351,22.44755998065841,-1,
301.26172,-13.4847,-4627.83,3390080.04,10.178287669582357,25.801910638129183,-1,
301.26104,-13.4795,-4581.03,3390127.61,26.322127939305872,25.598399849762227,-1,
301.26036,-13.4744,-4552.56,3390156.86,24.86635448095455,17.235153051512587,-1,
301.25968,-13.4693,-4527.6,3390182.59,23.05829182887278,14.20777327223719,-1,
301.25899,-13.4642,-4510.77,3390200.19,20.82047733718753,9.393778424317926,-1,
301.25831,-13.4591,-4505.06,3390206.67,18.915379103071587,4.319396286641695,-1,
301.25763,-13.454,-4493.52,3390218.98,18.465805667399746,2.2189589387757165,-1,
301.25695,-13.4489,-4476.35,3390236.93,4.690937183441199,7.60807517862043,-1,
301.25627,-13.4438,-4463.22,3390250.83,4.045089263404398,10.124249255393298,-1,
301.25558,-13.4386,-4456.62,3390258.2,3.849637947680286,15.160891227419238,-1,
301.2549,-13.4335,-4455.85,3390259.74,3.643911414520063,17.357399762813113,-1,
301.25422,-13.4284,-4466.33,3390250.03,3.8818030180949368,27.357047433550367,-1,
301.25354,-13.4233,-4488.93,3390228.21,7.271654406938812,44.18160295598698,-1,
301.25285,-13.4182,-4515.92,3390201.99,10.330392953673568,37.73310535538492,-1,
301.25217,-13.4131,-4593.89,3390124.79,11.54344375314617,29.93254958617388,-1,
301.25149,-13.408,-4738.45,3389981.0,11.48704444797766,30.43125738457881,-1,
301.25081,-13.4028,-4772.33,3389947.89,10.261428165104242,33.25929877168072,-1,
301.25012,-13.3977,-4800.0,3389921.0,8.612307905957552,26.54538664301208,-1,
301.24944,-13.3926,-4833.54,3389888.24,6.94147269362997,7.863335917456736,-1,
301.24876,-13.3875,-4877.02,3389845.53,7.330875021142246,5.624939496419417,-1,
301.24807,-13.3824,-4919.79,3389803.54,7.1542285273646415,8.781740590067455,-1,
301.24739,-13.3773,-4965.13,3389758.98,6.316474608799854,13.04588962807526,-1,
301.2467,-13.3722,-4988.79,3389736.09,4.798867495869087,14.731495393842737,-1,
301.24602,-13.3671,-5005.76,3389719.9,3.019069572285796,13.502677380188272,-1,
301.24534,-13.362,-5019.71,3389706.73,1.4912397256810757,10.574893504745624,-1,
301.24465,-13.3569,-5021.93,3389705.28,0.6793420177612469,7.163608179574784,-1,
301.24397,-13.3517,-5020.8,3389707.19,0.5122206210764374,4.288104865954561,-1,
301.24329,-13.3466,-5011.89,3389716.88,0.3382304188699647,4.200242818578125,-1,
301.2426,-13.3415,-5019.77,3389709.78,0.2655681020356891,4.402394041294271,-1,
301.24192,-13.3364,-5027.37,3389702.95,0.1248607098367,5.650245700190605,-1,
301.24124,-13.3313,-5025.54,3389705.56,0.4195182370369875,7.897967495478323,-1,
301.24055,-13.3262,-5019.58,3389712.3,1.0923110625370138,6.185565581580934,-1,
301.23919,-13.316,-5000.15,3389733.28,1.925855549365823,2.505720025224864,-1,
301.2385,-13.3109,-4988.18,3389746.03,3.825520648205173,2.618836174736333,-1,
301.23782,-13.3058,-4979.96,3389755.02,4.184906905690474,4.154794132466035,-1,
301.23714,-13.3006,-4962.42,3389773.34,5.8842445634289655,4.056553416020359,-1,
301.23646,-13.2955,-4947.47,3389789.07,7.713656693729234,2.9806028829561737,-1,
301.23577,-13.2904,-4926.5,3389810.82,7.159724418887874,2.483354357413323,-1,
301.23509,-13.2853,-4910.04,3389828.06,8.000169324389102,2.2246994183532784,-1,
301.23441,-13.2802,-4889.52,3389849.37,8.685661841605365,2.679667518387697,-1,
301.23372,-13.2751,-4867.04,3389872.63,9.61772299855832,3.530566095593768,-1,
301.23304,-13.27,-4844.23,3389896.22,10.115416813107672,3.006859835252284,-1,
301.23236,-13.2649,-4816.64,3389924.59,10.830660596556765,2.219156592505352,-1,
301.23168,-13.2598,-4788.9,3389953.12,10.892708640195524,3.383999952824052,-1,
301.23099,-13.2547,-4763.08,3389979.72,10.932142090038496,4.676426947595385,-1,
301.23031,-13.2495,-4739.54,3390004.04,10.828383632993422,5.627204878946493,-1,
301.22963,-13.2444,-4724.08,3390020.28,9.368918396196465,6.530498312441265,-1,
301.22894,-13.2393,-4705.43,3390039.71,11.849706039075762,6.038806780967869,-1,
301.22826,-13.2342,-4692.48,3390053.44,18.91568620230924,12.75917368857824,-1,
301.22758,-13.2291,-4689.77,3390056.94,26.385847512023723,15.79109521356245,-1,
301.22689,-13.224,-4655.05,3390092.44,31.987085560561816,17.829190560099605,-1,
301.22621,-13.2189,-4599.25,3390149.02,33.948148434673726,25.74488430932963,-1,
301.22553,-13.2138,-4575.66,3390173.39,32.80171366280772,29.049030713373632,-1,
301.22485,-13.2087,-4594.72,3390155.12,32.40567551907687,24.21842443854097,-1,
301.22416,-13.2036,-4642.1,3390108.52,29.027867954462295,17.453489043112004,-1,
301.22348,-13.1984,-4662.39,3390089.01,23.2459176862464,18.780719762858155,-1,
301.22279,-13.1933,-4658.72,3390093.47,15.855246079095112,16.697102311883395,-1,
301.22211,-13.1882,-4657.68,3390095.3,2.0258902313681646,8.216775692905497,-1,
301.22143,-13.1831,-4649.83,3390103.94,1.863963737223489,10.348966132792826,-1,
301.22075,-13.178,-4640.08,3390114.48,2.536081777483159,11.282813130252334,-1,
301.22006,-13.1728,-4631.91,3390123.44,2.565787589741932,11.786262447617268,-1,
301.21938,-13.1677,-4610.19,3390145.94,4.465729116288334,16.21436478210102,-1,
301.2187,-13.1626,-4600.96,3390155.96,6.9693002817640135,32.19293296488536,-1,
301.21801,-13.1575,-4573.1,3390184.61,11.218974912654971,49.04951188416536,-1,
301.21733,-13.1524,-4505.07,3390253.43,15.445255116787292,48.97673181418369,-1,
301.21665,-13.1472,-4406.62,3390352.67,19.607684115595774,37.03249914948789,-1,
301.21597,-13.1421,-4273.82,3390486.25,23.40858993686921,27.827759237609214,-1,
301.21528,-13.137,-4183.3,3390577.56,24.51388744860737,22.40344135815173,-1,
301.2146,-13.1319,-4050.0,3390711.65,22.51882246397548,39.26118666429449,-1,
301.21392,-13.1268,-3874.29,3390888.15,19.8754389941465,52.63445047756499,-1,
301.21324,-13.1216,-3827.15,3390936.08,15.681806136599144,58.15319465839316,-1,
301.21255,-13.1165,-3807.68,3390956.33,9.345965397036307,39.81965117898071,-1,
301.21187,-13.1114,-3781.08,3390983.72,8.562921682364815,26.378094381607568,-1,
301.21119,-13.1063,-3751.91,3391013.68,11.96916989580924,36.55591857178035,-1,
301.21051,-13.1012,-3655.64,3391110.74,16.187960007773253,42.21339110657573,-1,
301.20982,-13.096,-3565.38,3391201.79,20.482777504452653,41.455800694254606,-1,
301.20914,-13.0909,-3460.01,3391307.95,23.065292666065343,35.188850166014646,-1,
301.20846,-13.0858,-3319.33,3391449.42,23.087050240254417,36.401382182740505,-1,
301.20778,-13.0807,-3188.48,3391581.06,24.13100676273491,39.06957612836821,-1,
301.2071,-13.0756,-3082.87,3391687.47,22.79698851450871,52.62794606729062,-1,
301.20641,-13.0704,-3007.11,3391764.02,21.045634440821104,51.71311207748303,-1,
301.20573,-13.0653,-2853.57,3391918.35,18.564754374158586,59.66006693646703,-1,
301.20505,-13.0602,-2865.56,3391907.15,16.688123376832934,55.20917040101991,-1,
301.20437,-13.0551,-2823.8,3391949.71,17.14182913328189,34.40983223026843,-1,
301.20368,-13.05,-2812.64,3391961.66,17.02876382881452,22.458222213735784,-1,
301.203,-13.0448,-2769.79,3392005.3,16.237648948498975,22.111718258351328,-1,
301.20232,-13.0397,-2713.07,3392062.82,16.737521659923456,29.63177881256289,-1,
301.20164,-13.0346,-2643.37,3392133.31,18.21737384578572,28.61225513351913,-1,
301.20095,-13.0295,-2561.75,3392215.72,19.25647000552182,31.850953643472184,-1,
301.20027,-13.0244,-2470.4,3392307.87,21.356125207080662,29.623431858566,-1,
301.19959,-13.0192,-2374.81,3392404.25,24.50844021923074,24.64436318174763,-1,
301.19891,-13.0141,-2233.31,3392546.54,27.26946367174781,21.69181671134121,-1,
301.19823,-13.009,-2164.79,3392615.85,29.970778186171927,19.20626498869581,-1,
301.19754,-13.0039,-2059.8,3392721.64,31.25294738202356,17.000759565593352,-1,
300.04479,-13.0047,7.66,3394816.87,34.83972285424595,7.038475303698532,-1,
300.04411,-13.0098,44.86,3394853.34,34.74759816545806,23.03146148162461,-1,
300.04343,-13.015,83.54,3394891.29,30.8639466296599,27.538045868397585,-1,
300.04275,-13.0201,157.54,3394964.56,17.545623034978643,51.32684863508451,-1,
300.04207,-13.0252,300.0,3395106.28,5.540709900882776,99.38173327588142,-1,
300.04001,-13.0406,-23.35,3394780.75,27.446027088419708,44.3536671494872,-1,
300.03934,-13.0456,-200.73,3394602.65,30.03435062223624,26.6141355251036,-1,
300.03867,-13.0507,-420.62,3394382.04,30.80253063423895,25.554879527275745,-1,
300.038,-13.0558,-636.75,3394165.18,30.90071607780816,23.358061130955537,-1,
300.03733,-13.0609,-792.71,3394008.5,30.454380472059164,21.28295494872496,-1,
300.03666,-13.066,-969.62,3393830.87,29.959953918982485,18.459385593657665,-1,
300.03599,-13.0711,-1126.06,3393673.7,28.578838213611288,21.79449341692666,-1,
300.03531,-13.0762,-1312.85,3393486.19,27.295158325432546,23.198757430194057,-1,
300.03464,-13.0812,-1453.22,3393345.1,25.64309962438741,21.879814678221425,-1,
300.03397,-13.0863,-1593.48,3393204.11,23.954938040408777,19.51604966188417,-1,
300.0333,-13.0914,-1726.53,3393070.34,21.75481096986092,16.192836120436866,-1,
300.03263,-13.0965,-1841.76,3392954.38,20.008319789004812,17.033873928530813,-1,
300.03195,-13.1016,-1943.2,3392852.22,17.88912207002975,19.15119244300742,-1,
300.03128,-13.1067,-2046.83,3392747.87,14.731563308281476,29.844637872733905,-1,
300.03061,-13.1118,-2138.28,3392655.69,9.93036428311076,51.4756369742319,-1,
300.02993,-13.1169,-2196.65,3392596.6,9.020027052552036,78.9821073753535,-1,
300.02926,-13.122,-2192.06,3392600.47,12.51072250423228,67.44385753704265,-1,
300.02858,-13.1271,-2098.97,3392692.83,14.343820469580193,68.19669467682674,-1,
300.0279,-13.1322,-1929.76,3392861.32,16.818031613529797,85.96600839265344,-1,
300.02723,-13.1373,-2064.03,3392726.33,20.648115961231667,81.56385231851206,-1,
300.02657,-13.1424,-2151.51,3392638.16,24.847017701742303,62.11693342003751,-1,
300.0259,-13.1475,-2191.5,3392597.45,24.32477780262736,57.422390911774606,-1,
300.02523,-13.1526,-2173.84,3392614.39,19.79413852731321,82.9525888265254,-1,
300.02455,-13.1576,-2108.41,3392679.11,19.622283360436352,108.2321949056948,-1,
300.02388,-13.1627,-2318.32,3392468.48,23.34947403438891,111.18420107215807,-1,
